,open,close,closeTime,close_ema,close_time_parsed,position,long_utility
0,0.18134,0.1795,1609502399999.0,0.1795,2021-01-01 11:59:59,0.0,0.0
1,0.17943,0.17509,1609545599999.0,0.17655999999999997,2021-01-01 23:59:59,,-0.0025828571428571367
2,0.17505,0.17204,1609588799999.0,0.17397714285714283,2021-01-02 11:59:59,1.0,0.0
3,0.17207,0.17742,1609631999999.0,0.17581333333333332,2021-01-02 23:59:59,,0.006713118279569885
4,0.1774,0.18882,1609675199999.0,0.1825264516129032,2021-01-03 11:59:59,0.0,0.0
5,0.18883,0.20615,1609718399999.0,0.19452571428571427,2021-01-03 23:59:59,,0.019808089635854342
6,0.20625,0.21194,1609761599999.0,0.20330141732283463,2021-01-04 11:59:59,,0.011032386598733984
7,0.21203,0.22528,1609804799999.0,0.21433380392156862,2021-01-04 23:59:59,1.0,0.0
8,0.22518,0.23047,1609847999999.0,0.22241769080234833,2021-01-05 11:59:59,,0.01817390255053536
9,0.23047,0.25873,1609891199999.0,0.2405915933528837,2021-01-05 23:59:59,0.0,0.0
10,0.25889,0.29534,1609934399999.0,0.2679791695163654,2021-01-06 11:59:59,,0.03828279605560386
11,0.29549,0.33309,1609977599999.0,0.3005425347985348,2021-01-06 23:59:59,,0.005719430773434453
12,0.33311,0.31198,1610020799999.0,0.3062619655719693,2021-01-07 11:59:59,1.0,0.0
13,0.31211,0.29928,1610063999999.0,0.3027707697002991,2021-01-07 23:59:59,,0.0028997036417828803
14,0.29917,0.30857,1610107199999.0,0.30567047334208197,2021-01-08 11:59:59,0.0,0.0
15,0.3085,0.30389,1610150399999.0,0.3047802230869001,2021-01-08 23:59:59,,0.008408570837038498
16,0.30392,0.30977,1610193599999.0,0.30727513057808364,2021-01-09 11:59:59,,0.005913663345854969
17,0.30987,0.33062,1610236799999.0,0.3189476098160165,2021-01-09 23:59:59,,-0.005758815892077884
18,0.33062,0.30743,1610279999999.0,0.3131887939239386,2021-01-10 11:59:59,1.0,0.0
19,0.30742,0.30153,1610323199999.0,0.30735939140261787,2021-01-10 23:59:59,,-0.020534705493019556
20,0.30154,0.26629,1610366399999.0,0.2868246859095983,2021-01-11 11:59:59,0.0,0.0
21,0.26649,0.2757,1610409599999.0,0.28126234162863295,2021-01-11 23:59:59,,0.027926601313349175
22,0.27563,0.28779,1610452799999.0,0.2845261712033953,2021-01-12 11:59:59,,0.02466277173858683
23,0.28778,0.28888,1610495999999.0,0.28670308573145187,2021-01-12 23:59:59,,0.022485857210530258
24,0.28875,0.2908,1610539199999.0,0.28875154292677474,2021-01-13 11:59:59,,0.020437400015207385
25,0.29094,0.3123,1610582399999.0,0.3005257716388371,2021-01-13 23:59:59,,0.008663171303145034
26,0.31246,0.31221,1610625599999.0,0.3063678858629457,2021-01-14 11:59:59,,0.0028210570790364042
27,0.31214,0.31201,1610668799999.0,0.3091889429419821,2021-01-14 23:59:59,1.0,0.0
28,0.31203,0.31881,1610711999999.0,0.31399947147995133,2021-01-15 11:59:59,,-0.006059735745619299
29,0.31871,0.30188,1610755199999.0,0.30793973573433203,2021-01-15 23:59:59,0.0,0.0
30,0.30189,0.35379,1610798399999.0,0.3308648678778414,2021-01-16 11:59:59,,0.03883449060914923
31,0.35368,0.35071,1610841599999.0,0.340787433941231,2021-01-16 23:59:59,,0.028911924545759637
32,0.35057,0.37639,1610884799999.0,0.35858871697268785,2021-01-17 11:59:59,,0.0111106415143028
33,0.3764,0.38081,1610927999999.0,0.36969935848699065,2021-01-17 23:59:59,1.0,0.0
34,0.38077,0.37208,1610971199999.0,0.37088967924352995,2021-01-18 11:59:59,,-0.006073439267175185
35,0.37199,0.37123,1611014399999.0,0.3710598396217674,2021-01-18 23:59:59,,-0.006243599645412656
36,0.37132,0.37792,1611057599999.0,0.3744899198109087,2021-01-19 11:59:59,,-0.009673679834553917
37,0.3779,0.3672,1611100799999.0,0.3708449599054411,2021-01-19 23:59:59,,-0.006028719929086324
38,0.3672,0.33778,1611143999999.0,0.35431247995269044,2021-01-20 11:59:59,,0.010503760023664321
39,0.3377,0.37532,1611187199999.0,0.36481623997635476,2021-01-20 23:59:59,0.0,0.0
40,0.37548,0.34416,1611230399999.0,0.3544881199881727,2021-01-21 11:59:59,,-0.023319059994091673
41,0.34421,0.30785,1611273599999.0,0.331169059994081,2021-01-21 23:59:59,1.0,0.0
42,0.30786,0.33106,1611316799999.0,0.3311145299970405,2021-01-22 11:59:59,,0.00752660250221987
43,0.33096,0.34867,1611359999999.0,0.33989226499852077,2021-01-22 23:59:59,,-0.001251132499260399
44,0.34842,0.33739,1611403199999.0,0.33864113249926037,2021-01-23 11:59:59,0.0,0.0
45,0.33758,0.34583,1611446399999.0,0.34223556624963025,2021-01-23 23:59:59,,0.01173721687518492
46,0.34575,0.36571,1611489599999.0,0.35397278312481517,2021-01-24 11:59:59,1.0,0.0
47,0.3658,0.35345,1611532799999.0,0.3537113915624076,2021-01-24 23:59:59,,-0.00947746761710666
48,0.35346,0.35668,1611575999999.0,0.35519569578120375,2021-01-25 11:59:59,,-0.0109617718359028
49,0.35668,0.34308,1611619199999.0,0.34913784789060187,2021-01-25 23:59:59,,-0.004903923945300925
50,0.34284,0.33933,1611662399999.0,0.34423392394530095,2021-01-26 11:59:59,0.0,0.0
51,0.33933,0.3433,1611705599999.0,0.34376696197265044,2021-01-26 23:59:59,,-0.02213272147948786
52,0.34342,0.31989,1611748799999.0,0.3318284809863253,2021-01-27 11:59:59,,-0.010194240493162698
53,0.3198,0.31144,1611791999999.0,0.3216342404931626,2021-01-27 23:59:59,1.0,0.0
54,0.31142,0.3365,1611835199999.0,0.3290671202465813,2021-01-28 11:59:59,,0.00751143987670938
55,0.3365,0.34409,1611878399999.0,0.3365785601232907,2021-01-28 23:59:59,0.0,0.0
56,0.34409,0.36652,1611921599999.0,0.3515492800616453,2021-01-29 11:59:59,,-0.002014640030822634
57,0.36651,0.34752,1611964799999.0,0.3495346400308227,2021-01-29 23:59:59,1.0,0.0
58,0.34764,0.34324,1612007999999.0,0.34638732001541134,2021-01-30 11:59:59,,0.008889509988441513
59,0.3433,0.364,1612051199999.0,0.3551936600077057,2021-01-30 23:59:59,,8.316999614715881e-05
60,0.36395,0.35536,1612094399999.0,0.35527683000385285,2021-01-31 11:59:59,0.0,0.0
61,0.35541,0.34475,1612137599999.0,0.3500134150019264,2021-01-31 23:59:59,,0.0008832924990367919
62,0.34464,0.35178,1612180799999.0,0.3508967075009632,2021-02-01 11:59:59,1.0,0.0
63,0.35188,0.40876,1612223999999.0,0.37982835375048163,2021-02-01 23:59:59,,0.019265823124759218
64,0.40882,0.41836,1612267199999.0,0.39909417687524085,2021-02-02 11:59:59,0.0,0.0
65,0.41844,0.42498,1612310399999.0,0.41203708843762044,2021-02-02 23:59:59,,0.0163346836717847
66,0.425,0.41767,1612353599999.0,0.4148535442188102,2021-02-03 11:59:59,,0.013518227890594925
67,0.41762,0.44189,1612396799999.0,0.42837177210940514,2021-02-03 23:59:59,1.0,0.0
68,0.44213,0.43029,1612439999999.0,0.4293308860547026,2021-02-04 11:59:59,,0.04328683545897305
69,0.43034,0.43934,1612483199999.0,0.4343354430273513,2021-02-04 23:59:59,,0.03828227848632437
70,0.43903,0.5109,1612526399999.0,0.47261772151367565,2021-02-05 11:59:59,0.0,0.0
71,0.51089,0.53917,1612569599999.0,0.5058938607568378,2021-02-05 23:59:59,,0.3765300962064223
72,0.53874,0.53577,1612612799999.0,0.5208319303784189,2021-02-06 11:59:59,,0.36159202658484124
73,0.53577,0.63444,1612655999999.0,0.5776359651892095,2021-02-06 23:59:59,,0.3047879917740507
74,0.63444,0.67709,1612699199999.0,0.6273629825946048,2021-02-07 11:59:59,,0.2550609743686554
75,0.67659,0.66109,1612742399999.0,0.6442264912973024,2021-02-07 23:59:59,,0.23819746566595779
76,0.66109,0.688,1612785599999.0,0.6661132456486512,2021-02-08 11:59:59,,0.216310711314609
77,0.68772,0.67638,1612828799999.0,0.6712466228243256,2021-02-08 23:59:59,,0.21117733413893458
78,0.67674,0.6814,1612871999999.0,0.6763233114121627,2021-02-09 11:59:59,,0.20610064555109742
79,0.68128,0.70562,1612915199999.0,0.6909716557060814,2021-02-09 23:59:59,,0.19145230125717871
80,0.70562,0.86974,1612958399999.0,0.7803558278530407,2021-02-10 11:59:59,,0.10206812911021945
81,0.869,0.93966,1613001599999.0,0.8600079139265204,2021-02-10 23:59:59,,0.02241604303673972
82,0.94041,0.90484,1613044799999.0,0.8824239569632601,2021-02-11 11:59:59,1.0,0.0
83,0.90467,0.92796,1613087999999.0,0.90519197848163,2021-02-11 23:59:59,,0.002744010759184956
84,0.9281,0.91068,1613131199999.0,0.907935989240815,2021-02-12 11:59:59,0.0,0.0
85,0.91068,0.92426,1613174399999.0,0.9160979946204075,2021-02-12 23:59:59,,-0.01373849596530563
86,0.92418,0.86736,1613217599999.0,0.8917289973102038,2021-02-13 11:59:59,,0.010630501344898069
87,0.86736,0.91299,1613260799999.0,0.9023594986551019,2021-02-13 23:59:59,1.0,0.0
88,0.91303,0.87266,1613303999999.0,0.887509749327551,2021-02-14 11:59:59,,-0.021934874663775528
89,0.87289,0.84364,1613347199999.0,0.8655748746637755,2021-02-14 23:59:59,0.0,0.0
90,0.84288,0.84408,1613390399999.0,0.8548274373318878,2021-02-15 11:59:59,,0.24000617044089823
91,0.84408,0.86143,1613433599999.0,0.8581287186659439,2021-02-15 23:59:59,,0.23670488910684218
92,0.86128,0.88626,1613476799999.0,0.872194359332972,2021-02-16 11:59:59,,0.22263924843981409
93,0.8868,0.87,1613519999999.0,0.8710971796664859,2021-02-16 23:59:59,,0.22373642810630012
94,0.8699,0.86563,1613563199999.0,0.8683635898332429,2021-02-17 11:59:59,,0.22647001793954313
95,0.86562,0.89206,1613606399999.0,0.8802117949166215,2021-02-17 23:59:59,,0.21462181285616455
96,0.89206,0.92141,1613649599999.0,0.9008108974583107,2021-02-18 11:59:59,,0.19402271031447538
97,0.92161,0.91442,1613692799999.0,0.9076154487291553,2021-02-18 23:59:59,,0.1872181590436307
98,0.91433,0.94244,1613735999999.0,0.9250277243645777,2021-02-19 11:59:59,,0.16980588340820835
99,0.94262,0.92581,1613779199999.0,0.9254188621822889,2021-02-19 23:59:59,,0.16941474559049718
100,0.92597,1.05897,1613822399999.0,0.9921944310911444,2021-02-20 11:59:59,,0.10263917668164169
101,1.0585,1.11568,1613865599999.0,1.0539372155455722,2021-02-20 23:59:59,,0.04089639222721386
102,1.1156,1.13573,1613908799999.0,1.094833607772786,2021-02-21 11:59:59,1.0,0.0
103,1.13573,1.09894,1613951999999.0,1.096886803886393,2021-02-21 23:59:59,,-0.02319760291479467
104,1.09955,1.00381,1613995199999.0,1.0503484019431966,2021-02-22 11:59:59,,0.023340799028401804
105,1.00432,1.09703,1614038399999.0,1.0736892009715984,2021-02-22 23:59:59,0.0,0.0
106,1.09728,0.90715,1614081599999.0,0.9904196004857992,2021-02-23 11:59:59,,-0.014224800242899627
107,0.90707,0.96197,1614124799999.0,0.9761948002428996,2021-02-23 23:59:59,1.0,0.0
108,0.96136,1.04231,1614167999999.0,1.0092524001214498,2021-02-24 11:59:59,,0.019883799939275137
109,1.04231,1.04902,1614211199999.0,1.029136200060725,2021-02-24 23:59:59,0.0,0.0
110,1.04883,1.04652,1614254399999.0,1.0378281000303624,2021-02-25 11:59:59,,0.2537015446962596
111,1.04641,1.07691,1614297599999.0,1.0573690500151813,2021-02-25 23:59:59,,0.23416059471144068
112,1.07688,1.1082,1614340799999.0,1.0827845250075907,2021-02-26 11:59:59,,0.2087451197190313
113,1.10817,1.24303,1614383999999.0,1.1629072625037953,2021-02-26 23:59:59,,0.12862238222282674
114,1.24353,1.45959,1614427199999.0,1.3112486312518976,2021-02-27 11:59:59,,-0.019718986525275595
115,1.45941,1.31402,1614470399999.0,1.3126343156259488,2021-02-27 23:59:59,,-0.021104670899326772
116,1.314,1.2745,1614513599999.0,1.2935671578129744,2021-02-28 11:59:59,,-0.0020375130863523605
117,1.27468,1.31203,1614556799999.0,1.3027985789064873,2021-02-28 23:59:59,,-0.011268934179865298
118,1.31279,1.27078,1614599999999.0,1.2867892894532438,2021-03-01 11:59:59,,0.004740355273378238
119,1.27067,1.29627,1614643199999.0,1.291529644726622,2021-03-01 23:59:59,1.0,0.0
120,1.29678,1.23323,1614686399999.0,1.262379822363311,2021-03-02 11:59:59,,-0.019349866772483182
121,1.23321,1.2228,1614729599999.0,1.2425899111816556,2021-03-02 23:59:59,,0.0004400444091721134
122,1.22281,1.24347,1614772799999.0,1.2430299555908277,2021-03-03 11:59:59,0.0,0.0
123,1.24344,1.21311,1614815999999.0,1.2280699777954138,2021-03-03 23:59:59,,-0.03173498889770676
124,1.21315,1.1646,1614859199999.0,1.196334988897707,2021-03-04 11:59:59,1.0,0.0
125,1.16499,1.11239,1614902399999.0,1.1543624944488535,2021-03-04 23:59:59,,-0.00526437083664022
126,1.11261,1.12387,1614945599999.0,1.1391162472244267,2021-03-05 11:59:59,,0.009981876387786581
127,1.12381,1.15908,1614988799999.0,1.1490981236122133,2021-03-05 23:59:59,0.0,0.0
128,1.15907,1.11999,1615031999999.0,1.1345440618061067,2021-03-06 11:59:59,,-0.0027720309030534462
129,1.11988,1.129,1615075199999.0,1.1317720309030532,2021-03-06 23:59:59,1.0,0.0
130,1.12901,1.13816,1615118399999.0,1.1349660154515266,2021-03-07 11:59:59,,0.04217917253133363
131,1.13816,1.13042,1615161599999.0,1.1326930077257633,2021-03-07 23:59:59,,0.04445218025709696
132,1.13073,1.12243,1615204799999.0,1.1275615038628817,2021-03-08 11:59:59,,0.0495836841199786
133,1.12244,1.11848,1615247999999.0,1.1230207519314408,2021-03-08 23:59:59,,0.05412443605141948
134,1.11836,1.19116,1615291199999.0,1.1570903759657205,2021-03-09 11:59:59,,0.020054812017139767
135,1.19118,1.1972,1615334399999.0,1.1771451879828603,2021-03-09 23:59:59,0.0,0.0
136,1.19734,1.16375,1615377599999.0,1.17044759399143,2021-03-10 11:59:59,,-0.03217819549357248
137,1.16382,1.13261,1615420799999.0,1.151528796995715,2021-03-10 23:59:59,,-0.01325939849785751
138,1.13226,1.12501,1615463999999.0,1.1382693984978576,2021-03-11 11:59:59,1.0,0.0
139,1.12508,1.1243,1615507199999.0,1.131284699248929,2021-03-11 23:59:59,,-0.026441611842812796
140,1.12417,1.077,1615550399999.0,1.1041423496244644,2021-03-12 11:59:59,,0.0007007377816516946
141,1.07705,1.03207,1615593599999.0,1.0681061748122322,2021-03-12 23:59:59,,0.0367369125938839
142,1.03207,1.14158,1615636799999.0,1.1048430874061161,2021-03-13 11:59:59,0.0,0.0
143,1.14165,1.1,1615679999999.0,1.1024215437030582,2021-03-13 23:59:59,,-0.030673657777293695
144,1.10016,1.07971,1615723199999.0,1.091065771851529,2021-03-14 11:59:59,,-0.019317885925764555
145,1.08038,1.05243,1615766399999.0,1.0717478859257645,2021-03-14 23:59:59,1.0,0.0
146,1.05241,1.02588,1615809599999.0,1.0488139429628822,2021-03-15 11:59:59,,-0.008891971481441052
147,1.02569,1.03103,1615852799999.0,1.0399219714814412,2021-03-15 23:59:59,0.0,0.0
148,1.03071,1.03592,1615895999999.0,1.0379209857407206,2021-03-16 11:59:59,,0.2451366374768693
149,1.03604,1.24924,1615939199999.0,1.1435804928703601,2021-03-16 23:59:59,,0.13947713034722975
150,1.24974,1.23465,1615982399999.0,1.18911524643518,2021-03-17 11:59:59,,0.09394237678240991
151,1.23489,1.377,1616025599999.0,1.2830576232175899,2021-03-17 23:59:59,1.0,0.0
152,1.3775,1.42882,1616068799999.0,1.355938811608795,2021-03-18 11:59:59,,-0.21822368581620832
153,1.42882,1.22925,1616111999999.0,1.2925944058043974,2021-03-18 23:59:59,,-0.15487928001181084
154,1.22966,1.25983,1616155199999.0,1.2762122029021987,2021-03-19 11:59:59,,-0.13849707710961212
155,1.25934,1.29474,1616198399999.0,1.2854761014510994,2021-03-19 23:59:59,,-0.14776097565851276
156,1.29499,1.26494,1616241599999.0,1.2752080507255497,2021-03-20 11:59:59,,-0.13749292493296306
157,1.2652,1.20046,1616284799999.0,1.2378340253627749,2021-03-20 23:59:59,,-0.10011889957018827
158,1.20048,1.18371,1616327999999.0,1.2107720126813875,2021-03-21 11:59:59,,-0.07305688688880085
159,1.18385,1.18561,1616371199999.0,1.1981910063406938,2021-03-21 23:59:59,,-0.06047588054810715
160,1.18561,1.19057,1616414399999.0,1.194380503170347,2021-03-22 11:59:59,,-0.05666537737776034
161,1.19057,1.1015,1616457599999.0,1.1479402515851733,2021-03-22 23:59:59,,-0.01022512579258672
162,1.1015,1.12749,1616500799999.0,1.1377151257925866,2021-03-23 11:59:59,0.0,0.0
163,1.12746,1.11639,1616543999999.0,1.1270525628962933,2021-03-23 23:59:59,,-0.022920992534256612
164,1.11563,1.14908,1616587199999.0,1.1380662814481468,2021-03-24 11:59:59,,-0.033934711086110125
165,1.14851,1.06902,1616630399999.0,1.1035431407240734,2021-03-24 23:59:59,,0.0005884296379632392
166,1.06879,1.10472,1616673599999.0,1.1041315703620367,2021-03-25 11:59:59,1.0,0.0
167,1.1045,1.0956,1616716799999.0,1.0998657851810183,2021-03-25 23:59:59,,0.0971156611142363
168,1.09596,1.25966,1616759999999.0,1.1797628925905093,2021-03-26 11:59:59,,0.017218553704745343
169,1.2603,1.2142,1616803199999.0,1.1969814462952546,2021-03-26 23:59:59,0.0,0.0
170,1.21419,1.17666,1616846399999.0,1.1868207231476273,2021-03-27 11:59:59,,-0.0015905423607205371
171,1.17667,1.17678,1616889599999.0,1.1818003615738135,2021-03-27 23:59:59,,0.003429819213093266
172,1.17646,1.18866,1616932799999.0,1.1852301807869068,2021-03-28 11:59:59,1.0,0.0
173,1.18867,1.18983,1616975999999.0,1.1875300903934534,2021-03-28 23:59:59,,0.012384932204910104
174,1.18983,1.20735,1617019199999.0,1.1974400451967266,2021-03-29 11:59:59,,0.0024749774016368242
175,1.20734,1.20239,1617062399999.0,1.1999150225983635,2021-03-29 23:59:59,0.0,0.0
176,1.2024,1.23045,1617105599999.0,1.2151825112991816,2021-03-30 11:59:59,,-0.0016462556495908665
177,1.23023,1.21189,1617148799999.0,1.2135362556495908,2021-03-30 23:59:59,1.0,0.0
178,1.212,1.18126,1617191999999.0,1.1973981278247954,2021-03-31 11:59:59,,-0.0027440639123976762
179,1.18103,1.19191,1617235199999.0,1.1946540639123977,2021-03-31 23:59:59,0.0,0.0
180,1.19172,1.18999,1617278399999.0,1.192322031956199,2021-04-01 11:59:59,,-0.01216021920654109
181,1.19,1.18377,1617321599999.0,1.1880460159780994,2021-04-01 23:59:59,,-0.007884203228441633
182,1.1833,1.20787,1617364799999.0,1.1979580079890497,2021-04-02 11:59:59,,-0.01779619523939191
183,1.20787,1.18998,1617407999999.0,1.1939690039945248,2021-04-02 23:59:59,,-0.013807191244866956
184,1.18998,1.21642,1617451199999.0,1.2051945019972625,2021-04-03 11:59:59,,-0.02503268924760471
185,1.21628,1.16238,1617494399999.0,1.1837872509986314,2021-04-03 23:59:59,,-0.003625438248973545
186,1.16245,1.17274,1617537599999.0,1.1782636254993157,2021-04-04 11:59:59,,0.001898187250342076
187,1.17287,1.18206,1617580799999.0,1.1801618127496578,2021-04-04 23:59:59,1.0,0.0
188,1.18205,1.18093,1617623999999.0,1.180545906374829,2021-04-05 11:59:59,,0.018710570218878342
189,1.18098,1.2118,1617667199999.0,1.1961729531874146,2021-04-05 23:59:59,,0.0030835234062926986
190,1.21172,1.20234,1617710399999.0,1.1992564765937073,2021-04-06 11:59:59,0.0,0.0
191,1.20234,1.252,1617753599999.0,1.2256282382968537,2021-04-06 23:59:59,,-0.0168991191484269
192,1.25217,1.19183,1617796799999.0,1.2087291191484268,2021-04-07 11:59:59,1.0,0.0
193,1.19233,1.17359,1617839999999.0,1.1911595595742135,2021-04-07 23:59:59,,-0.0006197797871068111
194,1.17356,1.18992,1617883199999.0,1.1905397797871067,2021-04-08 11:59:59,0.0,0.0
195,1.18976,1.21926,1617926399999.0,1.2048998898935532,2021-04-08 23:59:59,,0.01393073166562031
196,1.21896,1.21394,1617969599999.0,1.2094199449467766,2021-04-09 11:59:59,,0.009410676612396918
197,1.214,1.20201,1618012799999.0,1.2057149724733884,2021-04-09 23:59:59,,0.013115649085785108
198,1.20201,1.22395,1618055999999.0,1.2148324862366944,2021-04-10 11:59:59,,0.003998135322479168
199,1.22393,1.21747,1618099199999.0,1.2161512431183472,2021-04-10 23:59:59,,0.00267937844082633
200,1.21753,1.22151,1618142399999.0,1.2188306215591735,2021-04-11 11:59:59,1.0,0.0
201,1.2215,1.26355,1618185599999.0,1.2411903107795867,2021-04-11 23:59:59,,0.03821484461020663
202,1.26376,1.31762,1618228799999.0,1.2794051553897934,2021-04-12 11:59:59,0.0,0.0
203,1.31761,1.31431,1618271999999.0,1.2968575776948967,2021-04-12 23:59:59,,0.1355167002558446
204,1.31452,1.33941,1618315199999.0,1.3181337888474483,2021-04-13 11:59:59,,0.1142404891032931
205,1.33941,1.41246,1618358399999.0,1.3652968944237243,2021-04-13 23:59:59,,0.06707738352701709
206,1.41246,1.47108,1618401599999.0,1.418188447211862,2021-04-14 11:59:59,,0.014185830738879357
207,1.47099,1.45092,1618444799999.0,1.434554223605931,2021-04-14 23:59:59,,-0.0021799456551896412
208,1.4514,1.45088,1618487999999.0,1.4427171118029656,2021-04-15 11:59:59,,-0.010342833852224231
209,1.45086,1.4782,1618531199999.0,1.4604585559014827,2021-04-15 23:59:59,,-0.02808427795074131
210,1.47845,1.40429,1618574399999.0,1.4323742779507413,2021-04-16 11:59:59,1.0,0.0
211,1.40445,1.40989,1618617599999.0,1.4211321389753708,2021-04-16 23:59:59,,-0.15226825528941035
212,1.40989,1.39001,1618660799999.0,1.4055710694876855,2021-04-17 11:59:59,,-0.13670718580172503
213,1.39001,1.36802,1618703999999.0,1.3867955347438428,2021-04-17 23:59:59,,-0.11793165105788228
214,1.36861,1.1348,1618747199999.0,1.2607977673719213,2021-04-18 11:59:59,,0.008066116314039196
215,1.13484,1.27693,1618790399999.0,1.2688638836859605,2021-04-18 23:59:59,0.0,0.0
216,1.27655,1.26943,1618833599999.0,1.2691469418429802,2021-04-19 11:59:59,,-0.04592020638223504
217,1.26943,1.1945,1618876799999.0,1.2318234709214901,2021-04-19 23:59:59,,-0.00859673546074502
218,1.19451,1.21463,1618919999999.0,1.2232267354607451,2021-04-20 11:59:59,1.0,0.0
219,1.21459,1.26689,1618963199999.0,1.2450583677303726,2021-04-20 23:59:59,,-0.08978873123879838
220,1.26665,1.21457,1619006399999.0,1.2298141838651864,2021-04-21 11:59:59,,-0.07454454737361216
221,1.21501,1.20358,1619049599999.0,1.2166970919325932,2021-04-21 23:59:59,,-0.06142745544101902
222,1.20312,1.2279,1619092799999.0,1.2222985459662965,2021-04-22 11:59:59,,-0.06702890947472229
223,1.22783,1.144,1619135999999.0,1.1831492729831483,2021-04-22 23:59:59,,-0.0278796364915741
224,1.14443,1.12739,1619179199999.0,1.1552696364915742,2021-04-23 11:59:59,0.0,0.0
225,1.12773,1.15866,1619222399999.0,1.156964818245787,2021-04-23 23:59:59,,-0.03680861368434041
226,1.15872,1.11792,1619265599999.0,1.1374424091228934,2021-04-24 11:59:59,,-0.017286204561446805
227,1.11825,1.10287,1619308799999.0,1.1201562045614466,2021-04-24 23:59:59,1.0,0.0
228,1.103,1.1161,1619351999999.0,1.1181281022807235,2021-04-25 11:59:59,,0.052878923289457536
229,1.1162,1.0913,1619395199999.0,1.1047140511403617,2021-04-25 23:59:59,,0.0662929744298193
230,1.091,1.2373,1619438399999.0,1.171007025570181,2021-04-26 11:59:59,0.0,0.0
231,1.2373,1.2375,1619481599999.0,1.2042535127850904,2021-04-26 23:59:59,,0.08726567631304594
232,1.2377,1.3281,1619524799999.0,1.2661767563925452,2021-04-27 11:59:59,,0.02534243270559111
233,1.3277,1.3063,1619567999999.0,1.2862383781962725,2021-04-27 23:59:59,,0.0052808109018638305
234,1.3063,1.2968,1619611199999.0,1.2915191890981363,2021-04-28 11:59:59,1.0,0.0
235,1.2967,1.3379,1619654399999.0,1.3147095945490683,2021-04-28 23:59:59,,0.03769520272546578
236,1.3373,1.3901,1619697599999.0,1.352404797274534,2021-04-29 11:59:59,0.0,0.0
237,1.39,1.3063,1619740799999.0,1.329352398637267,2021-04-29 23:59:59,,-0.0003261993186336465
238,1.3066,1.3287,1619783999999.0,1.3290261993186334,2021-04-30 11:59:59,1.0,0.0
239,1.329,1.3532,1619827199999.0,1.3411130996593168,2021-04-30 23:59:59,,-0.007136462201902338
240,1.353,1.3415,1619870399999.0,1.3413065498296584,2021-05-01 11:59:59,,-0.007329912372243896
241,1.3416,1.3516,1619913599999.0,1.346453274914829,2021-05-01 23:59:59,,-0.012476637457414563
242,1.3516,1.3215,1619956799999.0,1.3339766374574145,2021-05-02 11:59:59,0.0,0.0
243,1.3214,1.3267,1619999999999.0,1.3303383187287072,2021-05-02 23:59:59,,0.02652126095346974
244,1.3267,1.3727,1620043199999.0,1.3515191593643536,2021-05-03 11:59:59,,0.005340420317823336
245,1.3728,1.3622,1620086399999.0,1.356859579682177,2021-05-03 23:59:59,1.0,0.0
246,1.3627,1.3406,1620129599999.0,1.3487297898410886,2021-05-04 11:59:59,,-0.01629734238081637
247,1.3408,1.2698,1620172799999.0,1.3092648949205443,2021-05-04 23:59:59,,0.02316755253972791
248,1.2699,1.3556,1620215999999.0,1.3324324474602722,2021-05-05 11:59:59,0.0,0.0
249,1.3556,1.4798,1620259199999.0,1.4061162237301361,2021-05-05 23:59:59,,0.24065354025299746
250,1.4799,1.6608,1620302399999.0,1.533458111865068,2021-05-06 11:59:59,,0.11331165211806549
251,1.6611,1.6491,1620345599999.0,1.591279055932534,2021-05-06 23:59:59,,0.055490708050599524
252,1.6491,1.6898,1620388799999.0,1.6405395279662671,2021-05-07 11:59:59,,0.006230236016866453
253,1.6897,1.653,1620431999999.0,1.6467697639831336,2021-05-07 23:59:59,1.0,0.0
254,1.6529,1.5835,1620475199999.0,1.6151348819915667,2021-05-08 11:59:59,,0.0029825590042165118
255,1.5836,1.6211,1620518399999.0,1.6181174409957833,2021-05-08 23:59:59,0.0,0.0
256,1.6206,1.7305,1620561599999.0,1.6743087204978915,2021-05-09 11:59:59,,0.04599563975105436
257,1.7298,1.7663,1620604799999.0,1.7203043602489458,2021-05-09 23:59:59,1.0,0.0
258,1.7662,1.7502,1620647999999.0,1.735252180124473,2021-05-10 11:59:59,,-0.03311413509335459
259,1.7502,1.6423,1620691199999.0,1.6887760900622366,2021-05-10 23:59:59,,0.013361954968881706
260,1.6418,1.7155,1620734399999.0,1.7021380450311183,2021-05-11 11:59:59,0.0,0.0
261,1.7155,1.7632,1620777599999.0,1.7326690225155592,2021-05-11 23:59:59,,0.010065488742220463
262,1.7633,1.7528,1620820799999.0,1.7427345112577797,2021-05-12 11:59:59,1.0,0.0
263,1.7527,1.5694,1620863999999.0,1.6560672556288898,2021-05-12 23:59:59,,0.0752663721855551
264,1.5669,1.8066,1620907199999.0,1.7313336278144449,2021-05-13 11:59:59,0.0,0.0
265,1.8069,1.9296,1620950399999.0,1.8304668139072224,2021-05-13 23:59:59,,0.0965498895695831
266,1.9289,1.8638,1620993599999.0,1.8471334069536112,2021-05-14 11:59:59,,0.07988329652319437
267,1.8636,2.0069,1621036799999.0,1.9270167034768055,2021-05-14 23:59:59,1.0,0.0
268,2.0073,2.16,1621079999999.0,2.043508351738403,2021-05-15 11:59:59,,0.06544582413079869
269,2.16,2.1744,1621123199999.0,2.1089541758692016,2021-05-15 23:59:59,0.0,0.0
270,2.1754,2.3828,1621166399999.0,2.245877087934601,2021-05-16 11:59:59,,0.02716145603269915
271,2.3829,2.3002,1621209599999.0,2.2730385439673,2021-05-16 23:59:59,1.0,0.0
272,2.3002,2.1969,1621252799999.0,2.2349692719836503,2021-05-17 11:59:59,,-0.17301061298569387
273,2.197,2.0307,1621295999999.0,2.1328346359918253,2021-05-17 23:59:59,,-0.07087597699386894
274,2.0301,2.1078,1621339199999.0,2.1203173179959127,2021-05-18 11:59:59,,-0.058358658997956336
275,2.1082,2.0036,1621382399999.0,2.0619586589979564,2021-05-18 23:59:59,0.0,0.0
276,2.0036,1.5943,1621425599999.0,1.8281293294989782,2021-05-19 11:59:59,,-0.18091466474948903
277,1.5943,1.4663,1621468799999.0,1.6472146647494892,2021-05-19 23:59:59,1.0,0.0
278,1.4676,1.7996,1621511999999.0,1.7234073323747445,2021-05-20 11:59:59,,0.03859633381262784
279,1.7996,1.8006,1621555199999.0,1.7620036661873724,2021-05-20 23:59:59,0.0,0.0
280,1.8002,1.715,1621598399999.0,1.7385018330936863,2021-05-21 11:59:59,,-0.0946009165468431
281,1.715,1.5493,1621641599999.0,1.6439009165468432,2021-05-21 23:59:59,1.0,0.0
282,1.5493,1.5328,1621684799999.0,1.5883504582734216,2021-05-22 11:59:59,,-0.06272522913671086
283,1.5328,1.4629,1621727999999.0,1.5256252291367107,2021-05-22 23:59:59,0.0,0.0
284,1.4636,1.2649,1621771199999.0,1.3952626145683553,2021-05-23 11:59:59,,-0.040681307284177626
285,1.2649,1.3139,1621814399999.0,1.3545813072841777,2021-05-23 23:59:59,1.0,0.0
286,1.3135,1.4842,1621857599999.0,1.4193906536420888,2021-05-24 11:59:59,,0.0653046731789555
287,1.4844,1.55,1621900799999.0,1.4846953268210443,2021-05-24 23:59:59,0.0,0.0
288,1.5497,1.4467,1621943999999.0,1.465697663410522,2021-05-25 11:59:59,,0.17572675244210845
289,1.4465,1.5532,1621987199999.0,1.509448831705261,2021-05-25 23:59:59,,0.13197558414736954
290,1.5525,1.7734,1622030399999.0,1.6414244158526305,2021-05-26 11:59:59,1.0,0.0
291,1.7736,1.7791,1622073599999.0,1.7102622079263152,2021-05-26 23:59:59,,0.013268896036842337
292,1.7788,1.7368,1622116799999.0,1.7235311039631576,2021-05-27 11:59:59,0.0,0.0
293,1.7367,1.6552,1622159999999.0,1.6893655519815787,2021-05-27 23:59:59,,-0.11388277599078922
294,1.6552,1.4616,1622203199999.0,1.5754827759907895,2021-05-28 11:59:59,1.0,0.0
295,1.4616,1.5133,1622246399999.0,1.5443913879953948,2021-05-28 23:59:59,,-0.029695693997697337
296,1.5133,1.485,1622289599999.0,1.5146956939976974,2021-05-29 11:59:59,0.0,0.0
297,1.4847,1.4029,1622332799999.0,1.4587978469988487,2021-05-29 23:59:59,,0.26076149436050833
298,1.4035,1.6908,1622375999999.0,1.5747989234994244,2021-05-30 11:59:59,,0.14476041785993266
299,1.691,1.5751,1622419199999.0,1.5749494617497122,2021-05-30 23:59:59,,0.1446098796096449
300,1.5751,1.665,1622462399999.0,1.6199747308748562,2021-05-31 11:59:59,,0.09958461048450085
301,1.6651,1.7373,1622505599999.0,1.678637365437428,2021-05-31 23:59:59,,0.04092197592192903
302,1.7376,1.727,1622548799999.0,1.7028186827187142,2021-06-01 11:59:59,,0.01674065864064289
303,1.7269,1.7363,1622591999999.0,1.719559341359357,2021-06-01 23:59:59,1.0,0.0
304,1.7362,1.7536,1622635199999.0,1.7365796706796786,2021-06-02 11:59:59,,0.05741524699024114
305,1.7537,1.7534,1622678399999.0,1.7449898353398394,2021-06-02 23:59:59,,0.049005082330080274
306,1.7534,1.843,1622721599999.0,1.7939949176699197,2021-06-03 11:59:59,0.0,0.0
307,1.8431,1.8453,1622764799999.0,1.8196474588349598,2021-06-03 23:59:59,,-0.07417372941748002
308,1.8454,1.6713,1622807999999.0,1.7454737294174798,2021-06-04 11:59:59,1.0,0.0
309,1.6712,1.7077,1622851199999.0,1.72658686470874,2021-06-04 23:59:59,,-0.05120100662014737
310,1.708,1.6727,1622894399999.0,1.69964343235437,2021-06-05 11:59:59,,-0.02425757426577757
311,1.6727,1.6551,1622937599999.0,1.677371716177185,2021-06-05 23:59:59,,-0.001985858088592529
312,1.6555,1.6734,1622980799999.0,1.6753858580885925,2021-06-06 11:59:59,0.0,0.0
313,1.6733,1.6771,1623023999999.0,1.6762429290442964,2021-06-06 23:59:59,,-0.044157196783222386
314,1.6771,1.7203,1623067199999.0,1.6982714645221482,2021-06-07 11:59:59,,-0.06618573226107416
315,1.7204,1.5659,1623110399999.0,1.632085732261074,2021-06-07 23:59:59,1.0,0.0
316,1.5659,1.5388,1623153599999.0,1.585442866130537,2021-06-08 11:59:59,,-0.0017714330652685017
317,1.5386,1.5819,1623196799999.0,1.5836714330652686,2021-06-08 23:59:59,0.0,0.0
318,1.5818,1.5729,1623239999999.0,1.5782857165326343,2021-06-09 11:59:59,,0.009860712600524124
319,1.5729,1.6279,1623283199999.0,1.603092858266317,2021-06-09 23:59:59,,-0.01494642913315869
320,1.6282,1.5732,1623326399999.0,1.5881464291331584,2021-06-10 11:59:59,1.0,0.0
321,1.5731,1.5328,1623369599999.0,1.5604732145665792,2021-06-10 23:59:59,,-0.07247991092493433
322,1.5328,1.5173,1623412799999.0,1.5388866072832896,2021-06-11 11:59:59,,-0.050893303641644794
323,1.5176,1.4371,1623455999999.0,1.4879933036416448,2021-06-11 23:59:59,0.0,0.0
324,1.4368,1.4327,1623499199999.0,1.4603466518208226,2021-06-12 11:59:59,,0.009276674089588877
325,1.4327,1.4789,1623542399999.0,1.4696233259104114,2021-06-12 23:59:59,1.0,0.0
326,1.4789,1.4401,1623585599999.0,1.4548616629552056,2021-06-13 11:59:59,,0.0508691685223972
327,1.4402,1.5566,1623628799999.0,1.5057308314776028,2021-06-13 23:59:59,0.0,0.0
328,1.5563,1.516,1623671999999.0,1.5108654157388015,2021-06-14 11:59:59,,0.04917593819589894
329,1.516,1.5769,1623715199999.0,1.5438827078694008,2021-06-14 23:59:59,,0.016158646065299598
330,1.5769,1.5762,1623758399999.0,1.5600413539347004,2021-06-15 11:59:59,1.0,0.0
331,1.5761,1.5552,1623801599999.0,1.5576206769673502,2021-06-15 23:59:59,,-0.059713134656890876
332,1.555,1.5207,1623844799999.0,1.5391603384836752,2021-06-16 11:59:59,,-0.04125279617321587
333,1.5207,1.4851,1623887999999.0,1.5121301692418376,2021-06-16 23:59:59,,-0.014222626931378324
334,1.4851,1.5143,1623931199999.0,1.513215084620919,2021-06-17 11:59:59,,-0.01530754231045961
335,1.5143,1.4826,1623974399999.0,1.4979075423104593,2021-06-17 23:59:59,0.0,0.0
336,1.4825,1.4727,1624017599999.0,1.4853037711552295,2021-06-18 11:59:59,,-0.04685282836642224
337,1.4726,1.4163,1624060799999.0,1.4508018855776146,2021-06-18 23:59:59,,-0.012350942788807329
338,1.4164,1.4261,1624103999999.0,1.4384509427888073,2021-06-19 11:59:59,1.0,0.0
339,1.4261,1.3839,1624147199999.0,1.4111754713944036,2021-06-19 23:59:59,,-0.012681603545802833
340,1.384,1.3302,1624190399999.0,1.3706877356972018,2021-06-20 11:59:59,,0.027806132151398932
341,1.3301,1.4263,1624233599999.0,1.3984938678486007,2021-06-20 23:59:59,0.0,0.0
342,1.4262,1.3004,1624276799999.0,1.3494469339243005,2021-06-21 11:59:59,,-0.08772346696215028
343,1.3003,1.174,1624319999999.0,1.2617234669621502,2021-06-21 23:59:59,1.0,0.0
344,1.1738,1.0899,1624363199999.0,1.1758117334810751,2021-06-22 11:59:59,,-0.009555866740537544
345,1.0899,1.1567,1624406399999.0,1.1662558667405376,2021-06-22 23:59:59,0.0,0.0
346,1.1563,1.2508,1624449599999.0,1.2085279333702688,2021-06-23 11:59:59,,0.120513058301015
347,1.2508,1.2512,1624492799999.0,1.2298639666851345,2021-06-23 23:59:59,,0.09917702498614922
348,1.2513,1.3655,1624535999999.0,1.2976819833425672,2021-06-24 11:59:59,,0.03135900832871652
349,1.3655,1.3604,1624579199999.0,1.3290409916712838,2021-06-24 23:59:59,1.0,0.0
350,1.3604,1.3223,1624622399999.0,1.325670495835642,2021-06-25 11:59:59,,-0.053127871876731625
351,1.3223,1.2521,1624665599999.0,1.288885247917821,2021-06-25 23:59:59,,-0.016342623958910618
352,1.252,1.2562,1624708799999.0,1.2725426239589104,2021-06-26 11:59:59,0.0,0.0
353,1.2562,1.2521,1624751999999.0,1.2623213119794552,2021-06-26 23:59:59,,0.053242520019260775
354,1.252,1.2551,1624795199999.0,1.2587106559897276,2021-06-27 11:59:59,,0.056853176008988315
355,1.2551,1.338,1624838399999.0,1.2983553279948639,2021-06-27 23:59:59,,0.0172085040038521
356,1.3379,1.3119,1624881599999.0,1.3051276639974319,2021-06-28 11:59:59,,0.010436168001284107
357,1.3119,1.326,1624924799999.0,1.315563831998716,2021-06-28 23:59:59,1.0,0.0
358,1.3261,1.388,1624967999999.0,1.351781915999358,2021-06-29 11:59:59,,0.01060904200032109
359,1.388,1.373,1625011199999.0,1.3623909579996791,2021-06-29 23:59:59,0.0,0.0
360,1.3731,1.3415,1625054399999.0,1.3519454789998395,2021-06-30 11:59:59,,-0.012289794124859643
361,1.3414,1.3853,1625097599999.0,1.3686227394999197,2021-06-30 23:59:59,,-0.02896705462493987
362,1.3853,1.3274,1625140799999.0,1.3480113697499598,2021-07-01 11:59:59,,-0.008355684874979952
363,1.3273,1.3313,1625183999999.0,1.3396556848749799,2021-07-01 23:59:59,1.0,0.0
364,1.3312,1.2971,1625227199999.0,1.31837784243749,2021-07-02 11:59:59,,0.03811107878125508
365,1.2969,1.3946,1625270399999.0,1.356488921218745,2021-07-02 23:59:59,0.0,0.0
366,1.3947,1.418,1625313599999.0,1.3872444606093723,2021-07-03 11:59:59,,0.02435206817871327
367,1.418,1.4045,1625356799999.0,1.3958722303046862,2021-07-03 23:59:59,,0.0157242984833994
368,1.4045,1.4395,1625399999999.0,1.417686115152343,2021-07-04 11:59:59,,-0.006089586364257382
369,1.4394,1.4615,1625443199999.0,1.4395930575761715,2021-07-04 23:59:59,,-0.027996528788085895
370,1.4615,1.3836,1625486399999.0,1.4115965287880856,2021-07-05 11:59:59,1.0,0.0
371,1.3836,1.4039,1625529599999.0,1.4077482643940429,2021-07-05 23:59:59,,-0.1652652202498619
372,1.4039,1.4179,1625572799999.0,1.4128241321970214,2021-07-06 11:59:59,,-0.17034108805284043
373,1.4177,1.4157,1625615999999.0,1.4142620660985106,2021-07-06 23:59:59,,-0.1717790219543296
374,1.4156,1.4301,1625659199999.0,1.4221810330492552,2021-07-07 11:59:59,,-0.17969798890507427
375,1.4301,1.404,1625702399999.0,1.4130905165246275,2021-07-07 23:59:59,,-0.1706074723804465
376,1.404,1.3725,1625745599999.0,1.3927952582623138,2021-07-08 11:59:59,,-0.15031221411813278
377,1.3724,1.327,1625788799999.0,1.3598976291311569,2021-07-08 23:59:59,,-0.11741458498697588
378,1.3268,1.3232,1625831999999.0,1.3415488145655785,2021-07-09 11:59:59,,-0.09906577042139753
379,1.3231,1.3504,1625875199999.0,1.3459744072827893,2021-07-09 23:59:59,,-0.1034913631386083
380,1.3504,1.3317,1625918399999.0,1.3388372036413947,2021-07-10 11:59:59,,-0.09635415949721371
381,1.3315,1.3356,1625961599999.0,1.3372186018206973,2021-07-10 23:59:59,,-0.09473555767651631
382,1.3356,1.3395,1626004799999.0,1.3383593009103487,2021-07-11 11:59:59,,-0.09587625676616773
383,1.3395,1.3485,1626047999999.0,1.3434296504551744,2021-07-11 23:59:59,,-0.10094660631099339
384,1.3485,1.3364,1626091199999.0,1.3399148252275872,2021-07-12 11:59:59,,-0.09743178108340622
385,1.3363,1.3126,1626134399999.0,1.3262574126137936,2021-07-12 23:59:59,,-0.08377436846961261
386,1.3126,1.2952,1626177599999.0,1.3107287063068966,2021-07-13 11:59:59,,-0.06824566216271566
387,1.2952,1.265,1626220799999.0,1.2878643531534482,2021-07-13 23:59:59,,-0.04538130900926718
388,1.2649,1.2506,1626263999999.0,1.269232176576724,2021-07-14 11:59:59,,-0.026749132432543066
389,1.2509,1.2635,1626307199999.0,1.266366088288362,2021-07-14 23:59:59,,-0.023883044144181076
390,1.2634,1.2186,1626350399999.0,1.242483044144181,2021-07-15 11:59:59,0.0,0.0
391,1.2187,1.2258,1626393599999.0,1.2341415220720906,2021-07-15 23:59:59,,-0.0484811415540678
392,1.2258,1.1669,1626436799999.0,1.2005207610360453,2021-07-16 11:59:59,,-0.01486038051802252
393,1.1668,1.1708,1626479999999.0,1.1856603805180228,2021-07-16 23:59:59,1.0,0.0
394,1.1705,1.1617,1626523199999.0,1.1736801902590113,2021-07-17 11:59:59,,-0.0007900951295056746
395,1.1616,1.1721,1626566399999.0,1.1728900951295056,2021-07-17 23:59:59,0.0,0.0
396,1.1721,1.2023,1626609599999.0,1.1875950475647528,2021-07-18 11:59:59,,-0.0031475237823763713
397,1.2024,1.1813,1626652799999.0,1.1844475237823764,2021-07-18 23:59:59,1.0,0.0
398,1.1814,1.1584,1626695999999.0,1.1714237618911882,2021-07-19 11:59:59,,-0.07634282141839122
399,1.1585,1.1225,1626739199999.0,1.1469618809455941,2021-07-19 23:59:59,,-0.05188094047279712
400,1.1226,1.0432,1626782399999.0,1.095080940472797,2021-07-20 11:59:59,0.0,0.0
401,1.0433,1.0539,1626825599999.0,1.0744904702363987,2021-07-20 23:59:59,,0.08239583854315136
402,1.0541,1.1636,1626868799999.0,1.1190452351181994,2021-07-21 11:59:59,,0.03784107366135059
403,1.1637,1.1711,1626911999999.0,1.1450726175590997,2021-07-21 23:59:59,,0.011813691220450284
404,1.1711,1.1687,1626955199999.0,1.15688630877955,2021-07-22 11:59:59,1.0,0.0
405,1.1687,1.1856,1626998399999.0,1.171243154389775,2021-07-22 23:59:59,,-0.00037157719488756236
406,1.1857,1.1705,1627041599999.0,1.1708715771948874,2021-07-23 11:59:59,0.0,0.0
407,1.1705,1.2077,1627084799999.0,1.1892857885974437,2021-07-23 23:59:59,,0.02951243497723688
408,1.2075,1.2173,1627127999999.0,1.203292894298722,2021-07-24 11:59:59,,0.015505329275958601
409,1.2173,1.2327,1627171199999.0,1.217996447149361,2021-07-24 23:59:59,,0.0008017764253196447
410,1.2332,1.2196,1627214399999.0,1.2187982235746806,2021-07-25 11:59:59,1.0,0.0
411,1.2196,1.2284,1627257599999.0,1.2235991117873404,2021-07-25 23:59:59,,0.04602566615949488
412,1.2283,1.3447,1627300799999.0,1.2841495558936702,2021-07-26 11:59:59,,-0.014524777946834933
413,1.3446,1.2551,1627343999999.0,1.2696247779468353,2021-07-26 23:59:59,0.0,0.0
414,1.2549,1.3,1627387199999.0,1.2848123889734175,2021-07-27 11:59:59,,-0.0024561944867087515
415,1.2999,1.2799,1627430399999.0,1.2823561944867088,2021-07-27 23:59:59,1.0,0.0
416,1.2797,1.3102,1627473599999.0,1.2962780972433543,2021-07-28 11:59:59,,-0.004389048621677105
417,1.3103,1.2875,1627516799999.0,1.2918890486216772,2021-07-28 23:59:59,0.0,0.0
418,1.2875,1.2692,1627559999999.0,1.2805445243108386,2021-07-29 11:59:59,,0.04418941728533987
419,1.2692,1.2856,1627603199999.0,1.2830722621554194,2021-07-29 23:59:59,,0.04166167944075916
420,1.2856,1.2587,1627646399999.0,1.2708861310777095,2021-07-30 11:59:59,,0.053847810518468986
421,1.2586,1.3108,1627689599999.0,1.2908430655388548,2021-07-30 23:59:59,,0.03389087605732377
422,1.3109,1.3079,1627732799999.0,1.2993715327694275,2021-07-31 11:59:59,,0.025362408826751004
423,1.3078,1.3193,1627775999999.0,1.3093357663847138,2021-07-31 23:59:59,,0.015398175211464693
424,1.3193,1.3612,1627819199999.0,1.335267883192357,2021-08-01 11:59:59,,-0.010533941596178487
425,1.3612,1.3142,1627862399999.0,1.3247339415961785,2021-08-01 23:59:59,1.0,0.0
426,1.3145,1.3228,1627905599999.0,1.3237669707980892,2021-08-02 11:59:59,,0.013591400551671962
427,1.3228,1.3083,1627948799999.0,1.3160334853990445,2021-08-02 23:59:59,,0.021324885950716688
428,1.3082,1.2942,1627991999999.0,1.3051167426995223,2021-08-03 11:59:59,,0.03224162865023894
429,1.2942,1.3696,1628035199999.0,1.3373583713497612,2021-08-03 23:59:59,0.0,0.0
430,1.3697,1.344,1628078399999.0,1.3406791856748805,2021-08-04 11:59:59,,0.04498266387745953
431,1.344,1.3765,1628121599999.0,1.3585895928374403,2021-08-04 23:59:59,,0.027072256714899767
432,1.3766,1.3522,1628164799999.0,1.3553947964187203,2021-08-05 11:59:59,,0.03026705313361977
433,1.3522,1.3859,1628207999999.0,1.37064739820936,2021-08-05 23:59:59,,0.015014451342979962
434,1.3859,1.367,1628251199999.0,1.36882369910468,2021-08-06 11:59:59,,0.016838150447660016
435,1.3671,1.4025,1628294399999.0,1.38566184955234,2021-08-06 23:59:59,1.0,0.0
436,1.4027,1.4782,1628337599999.0,1.43193092477617,2021-08-07 11:59:59,,0.020384537611914944
437,1.4782,1.4727,1628380799999.0,1.452315462388085,2021-08-07 23:59:59,0.0,0.0
438,1.4726,1.4596,1628423999999.0,1.4559577311940424,2021-08-08 11:59:59,,0.6419474098536124
439,1.4596,1.4255,1628467199999.0,1.4407288655970212,2021-08-08 23:59:59,,0.6571762754506336
440,1.4256,1.4732,1628510399999.0,1.4569644327985105,2021-08-09 11:59:59,,0.6409407082491443
441,1.473,1.4745,1628553599999.0,1.4657322163992552,2021-08-09 23:59:59,,0.6321729246483996
442,1.4745,1.5749,1628596799999.0,1.5203161081996277,2021-08-10 11:59:59,,0.5775890328480271
443,1.5747,1.678,1628639999999.0,1.5991580540998138,2021-08-10 23:59:59,,0.498747086947841
444,1.678,1.7659,1628683199999.0,1.682529027049907,2021-08-11 11:59:59,,0.4153761139977479
445,1.7658,1.7934,1628726399999.0,1.7379645135249535,2021-08-11 23:59:59,,0.3599406275227013
446,1.7934,1.757,1628769599999.0,1.7474822567624768,2021-08-12 11:59:59,,0.350422884285178
447,1.7571,1.8324,1628812799999.0,1.7899411283812383,2021-08-12 23:59:59,,0.3079640126664165
448,1.833,2.0121,1628855999999.0,1.9010205641906193,2021-08-13 11:59:59,,0.19688457685703553
449,2.0117,2.1386,1628899199999.0,2.0198102820953094,2021-08-13 23:59:59,,0.07809485895234536
450,2.1386,2.176,1628942399999.0,2.097905141047655,2021-08-14 11:59:59,1.0,0.0
451,2.176,2.1878,1628985599999.0,2.1428525705238277,2021-08-14 23:59:59,,-0.009576285261913675
452,2.1875,2.1237,1629028799999.0,2.133276285261914,2021-08-15 11:59:59,0.0,0.0
453,2.1237,2.1667,1629071999999.0,2.1499881426309573,2021-08-15 23:59:59,,-0.03511610697321821
454,2.1667,2.1667,1629115199999.0,2.1583440713154785,2021-08-16 11:59:59,,-0.04347203565773938
455,2.1666,2.0714,1629158399999.0,2.114872035657739,2021-08-16 23:59:59,1.0,0.0
456,2.0717,2.0926,1629201599999.0,2.1037360178288695,2021-08-17 11:59:59,,-0.11887701337165213
457,2.0926,1.9239,1629244799999.0,2.0138180089144346,2021-08-17 23:59:59,,-0.02895900445721722
458,1.924,1.9559,1629287999999.0,1.9848590044572174,2021-08-18 11:59:59,0.0,0.0
459,1.9561,2.1043,1629331199999.0,2.0445795022286086,2021-08-18 23:59:59,,0.36595671666067986
460,2.1045,2.059,1629374399999.0,2.0517897511143044,2021-08-19 11:59:59,,0.3587464677749841
461,2.0592,2.4411,1629417599999.0,2.2464448755571524,2021-08-19 23:59:59,,0.16409134333213604
462,2.4411,2.4843,1629460799999.0,2.3653724377785763,2021-08-20 11:59:59,,0.045163781110712176
463,2.4842,2.4557,1629503999999.0,2.4105362188892885,2021-08-20 23:59:59,1.0,0.0
464,2.4557,2.4388,1629547199999.0,2.424668109444644,2021-08-21 11:59:59,,0.19122790423593639
465,2.4388,2.4341,1629590399999.0,2.429384054722322,2021-08-21 23:59:59,,0.18651195895825845
466,2.4347,2.6244,1629633599999.0,2.526892027361161,2021-08-22 11:59:59,,0.08900398631941941
467,2.6245,2.7049,1629676799999.0,2.6158960136805804,2021-08-22 23:59:59,0.0,0.0
468,2.705,2.8226,1629719999999.0,2.7192480068402904,2021-08-23 11:59:59,,0.09797599657985501
469,2.8226,2.9152,1629763199999.0,2.8172240034201455,2021-08-23 23:59:59,1.0,0.0
470,2.9152,2.8893,1629806399999.0,2.853262001710073,2021-08-24 11:59:59,,-0.1254715012825547
471,2.8893,2.7187,1629849599999.0,2.7859810008550365,2021-08-24 23:59:59,,-0.05819050042751828
472,2.7191,2.6696,1629892799999.0,2.7277905004275182,2021-08-25 11:59:59,0.0,0.0
473,2.6695,2.739,1629935999999.0,2.733395250213759,2021-08-25 23:59:59,,-0.14479643766031902
474,2.7389,2.565,1629979199999.0,2.649197625106879,2021-08-26 11:59:59,,-0.06059881255343935
475,2.565,2.528,1630022399999.0,2.58859881255344,2021-08-26 23:59:59,1.0,0.0
476,2.529,2.716,1630065599999.0,2.65229940627672,2021-08-27 11:59:59,,0.14685029686163986
477,2.716,2.946,1630108799999.0,2.79914970313836,2021-08-27 23:59:59,0.0,0.0
478,2.947,2.804,1630151999999.0,2.80157485156918,2021-08-28 11:59:59,,0.04699700487696745
479,2.805,2.847,1630195199999.0,2.82428742578459,2021-08-28 23:59:59,,0.02428443066155772
480,2.847,2.868,1630238399999.0,2.846143712892295,2021-08-29 11:59:59,,0.0024281435538524576
481,2.868,2.851,1630281599999.0,2.8485718564461475,2021-08-29 23:59:59,1.0,0.0
482,2.85,2.809,1630324799999.0,2.828785928223074,2021-08-30 11:59:59,,-0.012589446167305507
483,2.808,2.734,1630367999999.0,2.7813929641115367,2021-08-30 23:59:59,,0.03480351794423164
484,2.735,2.851,1630411199999.0,2.8161964820557683,2021-08-31 11:59:59,0.0,0.0
485,2.851,2.767,1630454399999.0,2.7915982410278843,2021-08-31 23:59:59,,0.15962664903635826
486,2.768,2.818,1630497599999.0,2.804799120513942,2021-09-01 11:59:59,,0.14642576955030062
487,2.818,2.869,1630540799999.0,2.8368995602569713,2021-09-01 23:59:59,,0.11432532980727128
488,2.87,3.048,1630583999999.0,2.9424497801284857,2021-09-02 11:59:59,,0.00877510993575692
489,3.048,2.96,1630627199999.0,2.9512248900642426,2021-09-02 23:59:59,1.0,0.0
490,2.96,2.981,1630670399999.0,2.9661124450321212,2021-09-03 11:59:59,,-0.4555381164725194
491,2.981,2.966,1630713599999.0,2.9660562225160607,2021-09-03 23:59:59,,-0.4554818939564589
492,2.965,2.916,1630756799999.0,2.9410281112580305,2021-09-04 11:59:59,,-0.4304537826984287
493,2.915,2.83,1630799999999.0,2.8855140556290153,2021-09-04 23:59:59,,-0.3749397270694135
494,2.831,2.868,1630843199999.0,2.8767570278145076,2021-09-05 11:59:59,,-0.36618269925490576
495,2.869,2.91,1630886399999.0,2.893378513907254,2021-09-05 23:59:59,,-0.38280418534765204
496,2.911,2.847,1630929599999.0,2.870189256953627,2021-09-06 11:59:59,,-0.3596149283940253
497,2.847,2.833,1630972799999.0,2.8515946284768137,2021-09-06 23:59:59,,-0.34102029991721183
498,2.833,2.645,1631015999999.0,2.748297314238407,2021-09-07 11:59:59,,-0.237722985678805
499,2.645,2.514,1631059199999.0,2.631148657119203,2021-09-07 23:59:59,,-0.12057432855960126
500,2.514,2.39,1631102399999.0,2.510574328559602,2021-09-08 11:59:59,0.0,0.0
501,2.389,2.47,1631145599999.0,2.490287164279801,2021-09-08 23:59:59,,0.038284626790149545
502,2.47,2.588,1631188799999.0,2.5391435821399004,2021-09-09 11:59:59,,-0.010571791069950098
503,2.588,2.518,1631231999999.0,2.5285717910699503,2021-09-09 23:59:59,1.0,0.0
504,2.518,2.489,1631275199999.0,2.508785895534975,2021-09-10 11:59:59,,0.06916057834876854
505,2.489,2.383,1631318399999.0,2.4458929477674873,2021-09-10 23:59:59,,0.13205352611625631
506,2.384,2.71,1631361599999.0,2.5779464738837436,2021-09-11 11:59:59,0.0,0.0
507,2.711,2.638,1631404799999.0,2.6079732369418718,2021-09-11 23:59:59,,-0.0009866184709359516
508,2.637,2.606,1631447999999.0,2.606986618470936,2021-09-12 11:59:59,1.0,0.0
509,2.606,2.581,1631491199999.0,2.5939933092354677,2021-09-12 23:59:59,,-0.1858062274082508
510,2.58,2.433,1631534399999.0,2.5134966546177337,2021-09-13 11:59:59,,-0.10530957279051689
511,2.433,2.402,1631577599999.0,2.4577483273088667,2021-09-13 23:59:59,,-0.04956124548164986
512,2.401,2.383,1631620799999.0,2.4203741636544334,2021-09-14 11:59:59,,-0.012187081827216506
513,2.382,2.396,1631663999999.0,2.408187081827217,2021-09-14 23:59:59,0.0,0.0
514,2.396,2.397,1631707199999.0,2.4025935409136085,2021-09-15 11:59:59,,0.0578048443147936
515,2.397,2.505,1631750399999.0,2.453796770456804,2021-09-15 23:59:59,,0.00660161477159793
516,2.504,2.467,1631793599999.0,2.460398385228402,2021-09-16 11:59:59,1.0,0.0
517,2.467,2.417,1631836799999.0,2.4386991926142008,2021-09-16 23:59:59,,-0.054486793537425804
518,2.417,2.363,1631879999999.0,2.4008495963071006,2021-09-17 11:59:59,,-0.01663719723032564
519,2.363,2.35,1631923199999.0,2.37542479815355,2021-09-17 23:59:59,,0.008787600923224836
520,2.35,2.393,1631966399999.0,2.384212399076775,2021-09-18 11:59:59,0.0,0.0
521,2.393,2.371,1632009599999.0,2.3776061995383877,2021-09-18 23:59:59,,-0.059954649653790604
522,2.371,2.327,1632052799999.0,2.352303099769194,2021-09-19 11:59:59,,-0.03465154988459673
523,2.326,2.283,1632095999999.0,2.317651549884597,2021-09-19 23:59:59,1.0,0.0
524,2.283,2.059,1632139199999.0,2.1883257749422986,2021-09-20 11:59:59,,-0.054662887471149446
525,2.058,2.079,1632182399999.0,2.133662887471149,2021-09-20 23:59:59,0.0,0.0
526,2.08,2.173,1632225599999.0,2.1533314437355746,2021-09-21 11:59:59,,-0.07349858280168098
527,2.174,1.986,1632268799999.0,2.0696657218677874,2021-09-21 23:59:59,,0.010167139066106223
528,1.986,2.09,1632311999999.0,2.0798328609338936,2021-09-22 11:59:59,1.0,0.0
529,2.091,2.257,1632355199999.0,2.168416430466947,2021-09-22 23:59:59,,0.01579178476652654
530,2.257,2.2,1632398399999.0,2.1842082152334736,2021-09-23 11:59:59,0.0,0.0
531,2.199,2.327,1632441599999.0,2.255604107616737,2021-09-23 23:59:59,,0.006697946191631665
532,2.327,2.269,1632484799999.0,2.2623020538083685,2021-09-24 11:59:59,1.0,0.0
533,2.269,2.277,1632527999999.0,2.2696510269041843,2021-09-24 23:59:59,,0.03151172982186168
534,2.277,2.335,1632571199999.0,2.302325513452092,2021-09-25 11:59:59,,-0.0011627567260461547
535,2.335,2.3,1632614399999.0,2.301162756726046,2021-09-25 23:59:59,0.0,0.0
536,2.299,2.265,1632657599999.0,2.283081378363023,2021-09-26 11:59:59,,-0.04756103377226717
537,2.265,2.207,1632700799999.0,2.2450406891815113,2021-09-26 23:59:59,,-0.00952034459075568
538,2.206,2.226,1632743999999.0,2.2355203445907557,2021-09-27 11:59:59,1.0,0.0
539,2.226,2.13,1632787199999.0,2.182760172295378,2021-09-27 23:59:59,,-0.025380086147689163
540,2.129,2.132,1632830399999.0,2.157380086147689,2021-09-28 11:59:59,0.0,0.0
541,2.133,2.037,1632873599999.0,2.0971900430738444,2021-09-28 23:59:59,,0.015404978463077867
542,2.037,2.128,1632916799999.0,2.1125950215369222,2021-09-29 11:59:59,1.0,0.0
543,2.128,2.066,1632959999999.0,2.089297510768461,2021-09-29 23:59:59,,-0.004648755384230707
544,2.066,2.08,1633003199999.0,2.0846487553842303,2021-09-30 11:59:59,0.0,0.0
545,2.08,2.115,1633046399999.0,2.0998243776921153,2021-09-30 23:59:59,,0.1522510032093236
546,2.115,2.237,1633089599999.0,2.168412188846058,2021-10-01 11:59:59,,0.08366319205538097
547,2.236,2.256,1633132799999.0,2.2122060944230286,2021-10-01 23:59:59,,0.03986928647841026
548,2.255,2.219,1633175999999.0,2.2156030472115145,2021-10-02 11:59:59,,0.03647233368992442
549,2.218,2.247,1633219199999.0,2.231301523605757,2021-10-02 23:59:59,,0.020773857295681708
550,2.247,2.275,1633262399999.0,2.2531507618028783,2021-10-03 11:59:59,,-0.0010753809014394378
551,2.275,2.251,1633305599999.0,2.252075380901439,2021-10-03 23:59:59,1.0,0.0
552,2.251,2.173,1633348799999.0,2.2125376904507195,2021-10-04 11:59:59,,-0.010768845225360035
553,2.173,2.191,1633391999999.0,2.2017688452253594,2021-10-04 23:59:59,0.0,0.0
554,2.191,2.224,1633435199999.0,2.21288442261268,2021-10-05 11:59:59,,0.0552369655939664
555,2.224,2.233,1633478399999.0,2.22294221130634,2021-10-05 23:59:59,,0.04517917690030604
556,2.232,2.133,1633521599999.0,2.17797110565317,2021-10-06 11:59:59,,0.09015028255347612
557,2.134,2.209,1633564799999.0,2.1934855528265853,2021-10-06 23:59:59,,0.07463583538006091
558,2.209,2.323,1633607999999.0,2.258242776413293,2021-10-07 11:59:59,,0.009878611793353365
559,2.323,2.278,1633651199999.0,2.268121388206646,2021-10-07 23:59:59,1.0,0.0
560,2.278,2.268,1633694399999.0,2.268060694103323,2021-10-08 11:59:59,,-0.13394924743515224
561,2.267,2.237,1633737599999.0,2.2525303470516613,2021-10-08 23:59:59,,-0.11841890038349057
562,2.238,2.272,1633780799999.0,2.2622651735258303,2021-10-09 11:59:59,,-0.12815372685765958
563,2.272,2.268,1633823999999.0,2.265132586762915,2021-10-09 23:59:59,,-0.1310211400947443
564,2.269,2.252,1633867199999.0,2.2585662933814574,2021-10-10 11:59:59,,-0.12445484671328666
565,2.251,2.189,1633910399999.0,2.223783146690729,2021-10-10 23:59:59,,-0.0896717000225582
566,2.189,2.208,1633953599999.0,2.2158915733453646,2021-10-11 11:59:59,,-0.08178012667719381
567,2.208,2.171,1633996799999.0,2.193445786672682,2021-10-11 23:59:59,,-0.05933434000451143
568,2.171,2.107,1634039999999.0,2.150222893336341,2021-10-12 11:59:59,,-0.016111446668170437
569,2.108,2.118,1634083199999.0,2.1341114466681708,2021-10-12 23:59:59,0.0,0.0
570,2.117,2.123,1634126399999.0,2.1285557233340855,2021-10-13 11:59:59,,0.045263742082675584
571,2.123,2.19,1634169599999.0,2.159277861667043,2021-10-13 23:59:59,,0.014541603749718135
572,2.189,2.192,1634212799999.0,2.1756389308335216,2021-10-14 11:59:59,,-0.0018194654167604796
573,2.192,2.172,1634255999999.0,2.173819465416761,2021-10-14 23:59:59,1.0,0.0
574,2.172,2.161,1634299199999.0,2.1674097327083803,2021-10-15 11:59:59,,-0.029008094171596
575,2.161,2.218,1634342399999.0,2.19270486635419,2021-10-15 23:59:59,,-0.05430322781740582
576,2.217,2.243,1634385599999.0,2.217852433177095,2021-10-16 11:59:59,,-0.07945079464031046
577,2.242,2.179,1634428799999.0,2.1984262165885475,2021-10-16 23:59:59,,-0.0600245780517632
578,2.178,2.168,1634471999999.0,2.183213108294274,2021-10-17 11:59:59,,-0.04481146975748951
579,2.168,2.158,1634515199999.0,2.170606554147137,2021-10-17 23:59:59,,-0.03220491561035255
580,2.158,2.127,1634558399999.0,2.1488032770735686,2021-10-18 11:59:59,,-0.010401638536784219
581,2.127,2.128,1634601599999.0,2.1384016385367843,2021-10-18 23:59:59,0.0,0.0
582,2.127,2.127,1634644799999.0,2.132700819268392,2021-10-19 11:59:59,,0.06284298193588223
583,2.127,2.11,1634687999999.0,2.121350409634196,2021-10-19 23:59:59,,0.07419339157007832
584,2.11,2.143,1634731199999.0,2.1321752048170977,2021-10-20 11:59:59,,0.06336859638717662
585,2.143,2.19,1634774399999.0,2.161087602408549,2021-10-20 23:59:59,,0.03445619879572526
586,2.19,2.23,1634817599999.0,2.1955438012042743,2021-10-21 11:59:59,1.0,0.0
587,2.23,2.137,1634860799999.0,2.166271900602137,2021-10-21 23:59:59,,0.011364049698931566
588,2.136,2.189,1634903999999.0,2.1776359503010685,2021-10-22 11:59:59,0.0,0.0
589,2.19,2.156,1634947199999.0,2.1668179751505345,2021-10-22 23:59:59,,-0.03526685170362587
590,2.157,2.162,1634990399999.0,2.1644089875752672,2021-10-23 11:59:59,,-0.03285786412835856
591,2.162,2.166,1635033599999.0,2.1652044937876336,2021-10-23 23:59:59,,-0.03365337034072491
592,2.167,2.121,1635076799999.0,2.143102246893817,2021-10-24 11:59:59,,-0.011551123446908118
593,2.121,2.12,1635119999999.0,2.1315511234469087,2021-10-24 23:59:59,1.0,0.0
594,2.119,2.143,1635163199999.0,2.1372755617234542,2021-10-25 11:59:59,,-0.17675709546836105
595,2.143,2.144,1635206399999.0,2.140637780861727,2021-10-25 23:59:59,,-0.180119314606634
596,2.145,2.173,1635249599999.0,2.1568188904308636,2021-10-26 11:59:59,,-0.19630042417577043
597,2.174,2.137,1635292799999.0,2.1469094452154316,2021-10-26 23:59:59,,-0.1863909789603384
598,2.138,1.98,1635335999999.0,2.063454722607716,2021-10-27 11:59:59,,-0.10293625635262282
599,1.98,1.912,1635379199999.0,1.987727361303858,2021-10-27 23:59:59,,-0.02720889504876478
600,1.912,1.999,1635422399999.0,1.993363680651929,2021-10-28 11:59:59,,-0.03284521439683585
601,1.999,1.987,1635465599999.0,1.9901818403259646,2021-10-28 23:59:59,,-0.029663374070871384
602,1.987,2.001,1635508799999.0,1.9955909201629822,2021-10-29 11:59:59,,-0.035072453907889045
603,2.0,2.015,1635551999999.0,2.0052954600814914,2021-10-29 23:59:59,,-0.044776993826398215
604,2.016,1.993,1635595199999.0,1.9991477300407459,2021-10-30 11:59:59,,-0.03862926378565268
605,1.993,1.955,1635638399999.0,1.977073865020373,2021-10-30 23:59:59,,-0.016555398765279783
606,1.957,1.937,1635681599999.0,1.9570369325101864,2021-10-31 11:59:59,,0.003481533744906784
607,1.938,1.964,1635724799999.0,1.9605184662550932,2021-10-31 23:59:59,0.0,0.0
608,1.965,1.974,1635767999999.0,1.9672592331275465,2021-11-01 11:59:59,,0.08449886790768923
609,1.975,1.949,1635811199999.0,1.9581296165637734,2021-11-01 23:59:59,,0.09362848447146233
610,1.949,1.964,1635854399999.0,1.9610648082818867,2021-11-02 11:59:59,,0.09069329275334903
611,1.965,1.971,1635897599999.0,1.9660324041409434,2021-11-02 23:59:59,,0.08572569689429232
612,1.971,2.115,1635940799999.0,2.0405162020704717,2021-11-03 11:59:59,,0.011241898964764019
613,2.116,2.063,1635983999999.0,2.0517581010352357,2021-11-03 23:59:59,1.0,0.0
614,2.063,2.017,1636027199999.0,2.034379050517618,2021-11-04 11:59:59,,-0.04153428788821323
615,2.016,1.983,1636070399999.0,2.0086895252588093,2021-11-04 23:59:59,,-0.015844762629404485
616,1.983,1.977,1636113599999.0,1.9928447626294048,2021-11-05 11:59:59,0.0,0.0
617,1.977,1.982,1636156799999.0,1.9874223813147025,2021-11-05 23:59:59,,0.19586216853931848
618,1.982,1.963,1636199999999.0,1.9752111906573513,2021-11-06 11:59:59,,0.2080733591966697
619,1.962,2.005,1636243199999.0,1.9901055953286755,2021-11-06 23:59:59,,0.1931789545253455
620,2.004,1.993,1636286399999.0,1.9915527976643377,2021-11-07 11:59:59,,0.1917317521896833
621,1.993,2.021,1636329599999.0,2.006276398832169,2021-11-07 23:59:59,,0.1770081510218522
622,2.02,2.046,1636372799999.0,2.026138199416084,2021-11-08 11:59:59,,0.1571463504379369
623,2.046,2.125,1636415999999.0,2.075569099708042,2021-11-08 23:59:59,,0.10771545014597894
624,2.126,2.291,1636459199999.0,2.183284549854021,2021-11-09 11:59:59,1.0,0.0
625,2.292,2.27,1636502399999.0,2.2266422749270105,2021-11-09 23:59:59,,0.0016788625364947407
626,2.269,2.23,1636545599999.0,2.2283211374635052,2021-11-10 11:59:59,0.0,0.0
627,2.231,2.097,1636588799999.0,2.1626605687317526,2021-11-10 23:59:59,,-0.01833028436587636
628,2.097,2.126,1636631999999.0,2.1443302843658762,2021-11-11 11:59:59,1.0,0.0
629,2.127,2.079,1636675199999.0,2.111665142182938,2021-11-11 23:59:59,,-0.20987477834398183
630,2.079,2.013,1636718399999.0,2.062332571091469,2021-11-12 11:59:59,,-0.16054220725251245
631,2.013,2.045,1636761599999.0,2.0536662855457344,2021-11-12 23:59:59,,-0.151875921706778
632,2.046,2.039,1636804799999.0,2.046333142772867,2021-11-13 11:59:59,,-0.14454277893391065
633,2.038,2.05,1636847999999.0,2.0481665713864334,2021-11-13 23:59:59,,-0.14637620754747704
634,2.05,2.045,1636891199999.0,2.0465832856932167,2021-11-14 11:59:59,,-0.1447929218542603
635,2.045,2.04,1636934399999.0,2.0432916428466084,2021-11-14 23:59:59,,-0.14150127900765197
636,2.04,2.076,1636977599999.0,2.059645821423304,2021-11-15 11:59:59,,-0.15785545758434782
637,2.075,2.017,1637020799999.0,2.038322910711652,2021-11-15 23:59:59,,-0.13653254687269545
638,2.018,1.9,1637063999999.0,1.9691614553558259,2021-11-16 11:59:59,,-0.06737109151686949
639,1.9,1.874,1637107199999.0,1.921580727677913,2021-11-16 23:59:59,,-0.019790363838956715
640,1.874,1.882,1637150399999.0,1.9017903638389564,2021-11-17 11:59:59,0.0,0.0
641,1.883,1.876,1637193599999.0,1.8888951819194781,2021-11-17 23:59:59,,-0.06817138643960852
642,1.877,1.822,1637236799999.0,1.8554475909597392,2021-11-18 11:59:59,,-0.03472379547986959
643,1.822,1.786,1637279999999.0,1.8207237954798696,2021-11-18 23:59:59,1.0,0.0
644,1.786,1.817,1637323199999.0,1.818861897739935,2021-11-19 11:59:59,,0.06360357669504868
645,1.816,1.863,1637366399999.0,1.8409309488699674,2021-11-19 23:59:59,,0.041534525565016134
646,1.862,1.924,1637409599999.0,1.8824654744349836,2021-11-20 11:59:59,0.0,0.0
647,1.924,1.922,1637452799999.0,1.9022327372174916,2021-11-20 23:59:59,,-0.01711636860874588
648,1.921,1.868,1637495999999.0,1.8851163686087458,2021-11-21 11:59:59,1.0,0.0
649,1.867,1.835,1637539199999.0,1.8600581843043729,2021-11-21 23:59:59,,-0.07355091126632618
650,1.835,1.804,1637582399999.0,1.8320290921521865,2021-11-22 11:59:59,,-0.04552181911413977
651,1.804,1.776,1637625599999.0,1.8040145460760932,2021-11-22 23:59:59,,-0.017507273038046556
652,1.776,1.769,1637668799999.0,1.7865072730380467,2021-11-23 11:59:59,0.0,0.0
653,1.769,1.751,1637711999999.0,1.7687536365190233,2021-11-23 23:59:59,,-0.07356522738926752
654,1.751,1.68,1637755199999.0,1.7243768182595116,2021-11-24 11:59:59,,-0.029188409129755843
655,1.68,1.666,1637798399999.0,1.6951884091297558,2021-11-24 23:59:59,1.0,0.0
656,1.665,1.663,1637841599999.0,1.679094204564878,2021-11-25 11:59:59,,-0.11624971859171485
657,1.663,1.675,1637884799999.0,1.677047102282439,2021-11-25 23:59:59,,-0.11420261630927575
658,1.676,1.507,1637927999999.0,1.5920235511412195,2021-11-26 11:59:59,,-0.02917906516805635
659,1.507,1.533,1637971199999.0,1.5625117755706097,2021-11-26 23:59:59,,0.00033271040255344886
660,1.532,1.553,1638014399999.0,1.5577558877853048,2021-11-27 11:59:59,,0.00508859818785834
661,1.554,1.543,1638057599999.0,1.5503779438926524,2021-11-27 23:59:59,,0.01246654208051079
662,1.543,1.513,1638100799999.0,1.531688971946326,2021-11-28 11:59:59,,0.03115551402683714
663,1.513,1.594,1638143999999.0,1.5628444859731632,2021-11-28 23:59:59,0.0,0.0
664,1.595,1.563,1638187199999.0,1.5629222429865814,2021-11-29 11:59:59,,0.02205831776006395
665,1.563,1.601,1638230399999.0,1.5819611214932907,2021-11-29 23:59:59,,0.0030194392533546832
666,1.602,1.588,1638273599999.0,1.5849805607466454,2021-11-30 11:59:59,1.0,0.0
667,1.589,1.554,1638316799999.0,1.5694902803733228,2021-11-30 23:59:59,,0.044196004673342504
668,1.553,1.592,1638359999999.0,1.5807451401866615,2021-12-01 11:59:59,,0.03294114486000388
669,1.592,1.548,1638403199999.0,1.5643725700933309,2021-12-01 23:59:59,,0.049313714953334475
670,1.547,1.663,1638446399999.0,1.6136862850466653,2021-12-02 11:59:59,0.0,0.0
671,1.663,1.719,1638489599999.0,1.6663431425233326,2021-12-02 23:59:59,,-0.0021715712616663385
672,1.72,1.662,1638532799999.0,1.6641715712616663,2021-12-03 11:59:59,1.0,0.0
673,1.662,1.556,1638575999999.0,1.610085785630833,2021-12-03 23:59:59,,-0.2608956048298696
674,1.557,1.328,1638619199999.0,1.4690428928154167,2021-12-04 11:59:59,,-0.11985271201445324
675,1.328,1.42,1638662399999.0,1.4445214464077083,2021-12-04 23:59:59,,-0.09533126560674487
676,1.419,1.381,1638705599999.0,1.4127607232038542,2021-12-05 11:59:59,,-0.06357054240289073
677,1.382,1.378,1638748799999.0,1.395380361601927,2021-12-05 23:59:59,,-0.04619018080096349
678,1.378,1.303,1638791999999.0,1.3491901808009634,2021-12-06 11:59:59,0.0,0.0
679,1.304,1.42,1638835199999.0,1.3845950904004818,2021-12-06 23:59:59,,0.03220245479975903
680,1.42,1.449,1638878399999.0,1.4167975452002408,2021-12-07 11:59:59,1.0,0.0
681,1.449,1.378,1638921599999.0,1.3973987726001202,2021-12-07 23:59:59,,-0.02634892602510508
682,1.378,1.363,1638964799999.0,1.3801993863000601,2021-12-08 11:59:59,,-0.009149539725044953
683,1.363,1.396,1639007999999.0,1.38809969315003,2021-12-08 23:59:59,,-0.01704984657501485
684,1.396,1.354,1639051199999.0,1.3710498465750152,2021-12-09 11:59:59,0.0,0.0
685,1.355,1.289,1639094399999.0,1.3300249232875077,2021-12-09 23:59:59,,-0.009512461643753856
686,1.288,1.311,1639137599999.0,1.3205124616437538,2021-12-10 11:59:59,1.0,0.0
687,1.312,1.211,1639180799999.0,1.2657562308218768,2021-12-10 23:59:59,,0.006121884589061599
688,1.211,1.278,1639223999999.0,1.2718781154109384,2021-12-11 11:59:59,0.0,0.0
689,1.279,1.354,1639267199999.0,1.3129390577054694,2021-12-11 23:59:59,,0.013530471147265466
690,1.354,1.34,1639310399999.0,1.3264695288527348,2021-12-12 11:59:59,1.0,0.0
691,1.34,1.346,1639353599999.0,1.3362347644263675,2021-12-12 23:59:59,,-0.07095541887307166
692,1.345,1.312,1639396799999.0,1.3241173822131838,2021-12-13 11:59:59,,-0.05883803665988796
693,1.311,1.223,1639439999999.0,1.273558691106592,2021-12-13 23:59:59,,-0.008279345553296125
694,1.223,1.257,1639483199999.0,1.2652793455532958,2021-12-14 11:59:59,0.0,0.0
695,1.257,1.266,1639526399999.0,1.265639672776648,2021-12-14 23:59:59,,0.03756528632043299
696,1.267,1.25,1639569599999.0,1.257819836388324,2021-12-15 11:59:59,,0.04538512270875694
697,1.25,1.311,1639612799999.0,1.284409918194162,2021-12-15 23:59:59,,0.018795040902918947
698,1.311,1.322,1639655999999.0,1.303204959097081,2021-12-16 11:59:59,1.0,0.0
699,1.323,1.24,1639699199999.0,1.2716024795485406,2021-12-16 23:59:59,,-0.03620185966140532
700,1.24,1.234,1639742399999.0,1.2528012397742703,2021-12-17 11:59:59,,-0.017400619887135038
701,1.234,1.218,1639785599999.0,1.2354006198871352,2021-12-17 23:59:59,0.0,0.0
702,1.218,1.253,1639828799999.0,1.2442003099435675,2021-12-18 11:59:59,,0.00732472879937851
703,1.252,1.242,1639871999999.0,1.2431001549717837,2021-12-18 23:59:59,,0.00842488377116224
704,1.242,1.277,1639915199999.0,1.2600500774858918,2021-12-19 11:59:59,,-0.008525038742945856
705,1.277,1.243,1639958399999.0,1.251525038742946,2021-12-19 23:59:59,1.0,0.0
706,1.244,1.221,1640001599999.0,1.236262519371473,2021-12-20 11:59:59,,0.00036874031426359366
707,1.221,1.237,1640044799999.0,1.2366312596857365,2021-12-20 23:59:59,0.0,0.0
708,1.238,1.259,1640087999999.0,1.2478156298428682,2021-12-21 11:59:59,,0.07041132388749016
709,1.26,1.28,1640131199999.0,1.263907814921434,2021-12-21 23:59:59,,0.05431913880892436
710,1.279,1.355,1640174399999.0,1.309453907460717,2021-12-22 11:59:59,,0.008773046269641371
711,1.355,1.327,1640217599999.0,1.3182269537303584,2021-12-22 23:59:59,1.0,0.0
712,1.327,1.349,1640260799999.0,1.333613476865179,2021-12-23 11:59:59,,0.07069326156741051
713,1.349,1.475,1640303999999.0,1.4043067384325896,2021-12-23 23:59:59,0.0,0.0
714,1.475,1.453,1640347199999.0,1.4286533692162948,2021-12-24 11:59:59,,-0.018326684608147348
715,1.452,1.392,1640390399999.0,1.4103266846081475,2021-12-24 23:59:59,1.0,0.0
716,1.393,1.429,1640433599999.0,1.4196633423040739,2021-12-25 11:59:59,,0.015752493271944612
717,1.429,1.452,1640476799999.0,1.435831671152037,2021-12-25 23:59:59,,-0.0004158355760184307
718,1.453,1.435,1640519999999.0,1.4354158355760185,2021-12-26 11:59:59,0.0,0.0
719,1.434,1.455,1640563199999.0,1.4452079177880093,2021-12-26 23:59:59,,0.0693440616589931
720,1.455,1.581,1640606399999.0,1.5131039588940047,2021-12-27 11:59:59,,0.001448020552997642
721,1.58,1.516,1640649599999.0,1.5145519794470024,2021-12-27 23:59:59,1.0,0.0
722,1.516,1.51,1640692799999.0,1.5122759897235012,2021-12-28 11:59:59,,-0.07820699229262607
723,1.51,1.4,1640735999999.0,1.4561379948617506,2021-12-28 23:59:59,,-0.022068997430875426
724,1.4,1.412,1640779199999.0,1.4340689974308751,2021-12-29 11:59:59,0.0,0.0
725,1.412,1.332,1640822399999.0,1.3830344987154377,2021-12-29 23:59:59,,-0.01101724935771875
726,1.333,1.361,1640865599999.0,1.372017249357719,2021-12-30 11:59:59,1.0,0.0
727,1.362,1.359,1640908799999.0,1.3655086246788595,2021-12-30 23:59:59,,
728,1.359,1.361,1640951999999.0,1.3632543123394298,2021-12-31 11:59:59,,
729,,,,,,0.0,0.0
