open,close,closeTime,close_ema,close_time_parsed
736.42,738.85,1609502399999,738.85,2021-01-01 11:59:59
738.85,728.91,1609545599999,732.2233333333334,2021-01-01 23:59:59
728.91,729.7,1609588799999,730.7814285714286,2021-01-02 11:59:59
729.7,774.56,1609631999999,754.13,2021-01-02 23:59:59
774.44,829.76,1609675199999,793.1648387096774,2021-01-03 11:59:59
829.77,978.28,1609718399999,887.1915873015873,2021-01-03 23:59:59
978.33,976.8,1609761599999,932.3485826771653,2021-01-04 11:59:59
976.97,1041.43,1609804799999,987.1031764705882,2021-01-04 23:59:59
1041.45,1042.21,1609847999999,1014.7105088062623,2021-01-05 11:59:59
1042.23,1099.56,1609891199999,1057.1767253176931,2021-01-05 23:59:59
1100.16,1151.88,1609934399999,1104.5514948705422,2021-01-06 11:59:59
1151.88,1208.42,1609977599999,1156.4984297924298,2021-01-06 23:59:59
1208.75,1201.12,1610020799999,1178.8119387132217,2021-01-07 11:59:59
1201.32,1224.87,1610063999999,1201.8423750228894,2021-01-07 23:59:59
1224.86,1255.43,1610107199999,1228.637005218665,2021-01-08 11:59:59
1255.24,1216.93,1610150399999,1222.7834132906082,2021-01-08 23:59:59
1216.72,1220.64,1610193599999,1221.711698468769,2021-01-09 11:59:59
1220.65,1276.0,1610236799999,1248.8559527814973,2021-01-09 23:59:59
1276.0,1259.28,1610279999999,1254.0679863319137,2021-01-10 11:59:59
1259.28,1254.25,1610323199999,1254.1589932527477,2021-01-10 23:59:59
1254.24,1067.87,1610366399999,1161.0144522115954,2021-01-11 11:59:59
1067.65,1087.01,1610409599999,1124.0122172837775,2021-01-11 23:59:59
1087.0,1099.16,1610452799999,1111.5861071605812,2021-01-12 11:59:59
1099.15,1050.16,1610495999999,1080.87305174965,2021-01-12 23:59:59
1050.36,1061.6,1610539199999,1071.236525587634,2021-01-13 11:59:59
1061.64,1129.89,1610582399999,1100.5632632308195,2021-01-13 23:59:59
1129.79,1166.59,1610625599999,1133.5766318613785,2021-01-14 11:59:59
1166.48,1231.62,1610668799999,1182.5983161133092,2021-01-14 23:59:59
1231.89,1226.12,1610711999999,1204.3591580971872,2021-01-15 11:59:59
1226.28,1168.53,1610755199999,1186.4445790319094,2021-01-15 23:59:59
1168.48,1219.0,1610798399999,1202.7222895235345,2021-01-16 11:59:59
1219.0,1227.83,1610841599999,1215.2761447646901,2021-01-16 23:59:59
1227.83,1219.52,1610884799999,1217.398072382592,2021-01-17 11:59:59
1219.52,1232.45,1610927999999,1224.9240361917343,2021-01-17 23:59:59
1232.5,1225.43,1610971199999,1225.1770180958745,2021-01-18 11:59:59
1225.43,1258.45,1611014399999,1241.8135090481792,2021-01-18 23:59:59
1258.52,1429.56,1611057599999,1335.6867545247726,2021-01-19 11:59:59
1429.47,1365.36,1611100799999,1350.5233772624401,2021-01-19 23:59:59
1365.36,1265.39,1611143999999,1307.9566886311427,2021-01-20 11:59:59
1265.41,1376.99,1611187199999,1342.4733443156028,2021-01-20 23:59:59
1376.72,1236.31,1611230399999,1289.3916721577773,2021-01-21 11:59:59
1236.43,1110.96,1611273599999,1200.1758360788683,2021-01-21 23:59:59
1111.98,1197.57,1611316799999,1198.872918039434,2021-01-22 11:59:59
1197.36,1232.62,1611359999999,1215.7464590197178,2021-01-22 23:59:59
1232.61,1219.07,1611403199999,1217.4082295098588,2021-01-23 11:59:59
1219.07,1233.6,1611446399999,1225.5041147549296,2021-01-23 23:59:59
1233.46,1342.97,1611489599999,1284.2370573774651,2021-01-24 11:59:59
1343.07,1392.51,1611532799999,1338.373528688733,2021-01-24 23:59:59
1392.19,1411.18,1611575999999,1374.7767643443665,2021-01-25 11:59:59
1411.41,1317.88,1611619199999,1346.3283821721832,2021-01-25 23:59:59
1317.6,1313.46,1611662399999,1329.8941910860917,2021-01-26 11:59:59
1313.61,1365.97,1611705599999,1347.9320955430458,2021-01-26 23:59:59
1366.54,1249.02,1611748799999,1298.4760477715229,2021-01-27 11:59:59
1248.78,1239.03,1611791999999,1268.7530238857612,2021-01-27 23:59:59
1238.93,1302.55,1611835199999,1285.6515119428805,2021-01-28 11:59:59
1302.54,1329.69,1611878399999,1307.6707559714403,2021-01-28 23:59:59
1329.44,1416.96,1611921599999,1362.3153779857203,2021-01-29 11:59:59
1416.83,1379.5,1611964799999,1370.9076889928601,2021-01-29 23:59:59
1379.56,1340.01,1612007999999,1355.4588444964302,2021-01-30 11:59:59
1340.01,1378.05,1612051199999,1366.7544222482152,2021-01-30 23:59:59
1378.04,1354.29,1612094399999,1360.5222111241076,2021-01-31 11:59:59
1354.36,1312.55,1612137599999,1336.5361055620538,2021-01-31 23:59:59
1312.45,1336.41,1612180799999,1336.473052781027,2021-02-01 11:59:59
1336.4,1374.17,1612223999999,1355.3215263905136,2021-02-01 23:59:59
1374.09,1419.58,1612267199999,1387.4507631952567,2021-02-02 11:59:59
1419.58,1511.87,1612310399999,1449.6603815976282,2021-02-02 23:59:59
1511.93,1537.68,1612353599999,1493.670190798814,2021-02-03 11:59:59
1537.93,1664.49,1612396799999,1579.0800953994071,2021-02-03 23:59:59
1664.67,1611.74,1612439999999,1595.4100476997037,2021-02-04 11:59:59
1611.77,1595.67,1612483199999,1595.5400238498519,2021-02-04 23:59:59
1595.53,1662.78,1612526399999,1629.160011924926,2021-02-05 11:59:59
1662.79,1719.19,1612569599999,1674.175005962463,2021-02-05 23:59:59
1718.95,1679.67,1612612799999,1676.9225029812314,2021-02-06 11:59:59
1679.67,1676.35,1612655999999,1676.6362514906157,2021-02-06 23:59:59
1676.35,1624.91,1612699199999,1650.7731257453079,2021-02-07 11:59:59
1624.89,1611.62,1612742399999,1631.1965628726539,2021-02-07 23:59:59
1611.46,1660.48,1612785599999,1645.838281436327,2021-02-08 11:59:59
1660.63,1750.15,1612828799999,1697.9941407181636,2021-02-08 23:59:59
1749.68,1753.4,1612871999999,1725.6970703590819,2021-02-09 11:59:59
1753.4,1769.13,1612915199999,1747.413535179541,2021-02-09 23:59:59
1769.14,1792.02,1612958399999,1769.7167675897704,2021-02-10 11:59:59
1792.02,1740.78,1613001599999,1755.2483837948853,2021-02-10 23:59:59
1740.76,1763.36,1613044799999,1759.3041918974427,2021-02-11 11:59:59
1763.36,1785.62,1613087999999,1772.4620959487213,2021-02-11 23:59:59
1785.83,1775.61,1613131199999,1774.0360479743606,2021-02-12 11:59:59
1775.61,1840.26,1613174399999,1807.1480239871803,2021-02-12 23:59:59
1840.24,1782.95,1613217599999,1795.0490119935903,2021-02-13 11:59:59
1783.01,1814.96,1613260799999,1805.0045059967952,2021-02-13 23:59:59
1815.25,1831.88,1613303999999,1818.4422529983976,2021-02-14 11:59:59
1831.98,1800.42,1613347199999,1809.4311264991989,2021-02-14 23:59:59
1800.03,1787.48,1613390399999,1798.4555632495994,2021-02-15 11:59:59
1787.76,1779.25,1613433599999,1788.8527816247997,2021-02-15 23:59:59
1779.33,1783.13,1613476799999,1785.9913908124,2021-02-16 11:59:59
1783.12,1781.99,1613519999999,1783.9906954061998,2021-02-16 23:59:59
1781.99,1807.6,1613563199999,1795.7953477030999,2021-02-17 11:59:59
1807.6,1849.88,1613606399999,1822.8376738515499,2021-02-17 23:59:59
1849.7,1900.41,1613649599999,1861.6238369257749,2021-02-18 11:59:59
1900.61,1939.61,1613692799999,1900.6169184628875,2021-02-18 23:59:59
1938.91,1934.38,1613735999999,1917.4984592314438,2021-02-19 11:59:59
1934.39,1955.0,1613779199999,1936.249229615722,2021-02-19 23:59:59
1955.46,1999.58,1613822399999,1967.914614807861,2021-02-20 11:59:59
1999.57,1913.0,1613865599999,1940.4573074039304,2021-02-20 23:59:59
1912.9,1961.62,1613908799999,1951.0386537019651,2021-02-21 11:59:59
1961.62,1933.53,1613951999999,1942.2843268509826,2021-02-21 23:59:59
1933.54,1802.65,1613995199999,1872.4671634254914,2021-02-22 11:59:59
1802.5,1777.58,1614038399999,1825.0235817127457,2021-02-22 23:59:59
1777.42,1453.07,1614081599999,1639.0467908563728,2021-02-23 11:59:59
1453.09,1577.89,1614124799999,1608.4683954281863,2021-02-23 23:59:59
1577.79,1677.41,1614167999999,1642.939197714093,2021-02-24 11:59:59
1677.39,1623.39,1614211199999,1633.1645988570467,2021-02-24 23:59:59
1623.16,1621.93,1614254399999,1627.5472994285233,2021-02-25 11:59:59
1621.84,1481.75,1614297599999,1554.6486497142616,2021-02-25 23:59:59
1482.08,1483.74,1614340799999,1519.1943248571308,2021-02-26 11:59:59
1483.74,1444.59,1614383999999,1481.8921624285654,2021-02-26 23:59:59
1444.56,1469.81,1614427199999,1475.8510812142827,2021-02-27 11:59:59
1470.02,1458.13,1614470399999,1466.9905406071414,2021-02-27 23:59:59
1458.27,1371.53,1614513599999,1419.2602703035707,2021-02-28 11:59:59
1371.67,1419.18,1614556799999,1419.2201351517854,2021-02-28 23:59:59
1418.67,1524.96,1614599999999,1472.0900675758926,2021-03-01 11:59:59
1524.95,1569.86,1614643199999,1520.9750337879464,2021-03-01 23:59:59
1570.0,1567.59,1614686399999,1544.282516893973,2021-03-02 11:59:59
1567.59,1486.78,1614729599999,1515.5312584469866,2021-03-02 23:59:59
1486.79,1607.24,1614772799999,1561.3856292234932,2021-03-03 11:59:59
1607.28,1567.69,1614815999999,1564.5378146117466,2021-03-03 23:59:59
1567.68,1561.59,1614859199999,1563.0639073058733,2021-03-04 11:59:59
1561.62,1539.23,1614902399999,1551.1469536529366,2021-03-04 23:59:59
1539.22,1480.15,1614945599999,1515.6484768264684,2021-03-05 11:59:59
1480.24,1528.31,1614988799999,1521.9792384132343,2021-03-05 23:59:59
1528.08,1564.07,1615031999999,1543.024619206617,2021-03-06 11:59:59
1564.08,1650.35,1615075199999,1596.6873096033084,2021-03-06 23:59:59
1650.68,1678.36,1615118399999,1637.5236548016542,2021-03-07 11:59:59
1678.37,1726.16,1615161599999,1681.8418274008272,2021-03-07 23:59:59
1726.46,1723.5,1615204799999,1702.6709137004136,2021-03-08 11:59:59
1723.61,1833.18,1615247999999,1767.925456850207,2021-03-08 23:59:59
1833.22,1827.21,1615291199999,1797.5677284251035,2021-03-09 11:59:59
1827.25,1870.51,1615334399999,1834.0388642125517,2021-03-09 23:59:59
1870.5,1814.86,1615377599999,1824.4494321062757,2021-03-10 11:59:59
1815.03,1795.12,1615420799999,1809.7847160531378,2021-03-10 23:59:59
1795.28,1779.14,1615463999999,1794.4623580265688,2021-03-11 11:59:59
1779.38,1825.78,1615507199999,1810.1211790132843,2021-03-11 23:59:59
1825.78,1773.94,1615550399999,1792.0305895066422,2021-03-12 11:59:59
1773.92,1766.1,1615593599999,1779.065294753321,2021-03-12 23:59:59
1766.13,1871.8,1615636799999,1825.4326473766605,2021-03-13 11:59:59
1871.8,1922.35,1615679999999,1873.8913236883302,2021-03-13 23:59:59
1922.35,1878.84,1615723199999,1876.365661844165,2021-03-14 11:59:59
1878.67,1848.1,1615766399999,1862.2328309220825,2021-03-14 23:59:59
1848.1,1770.0,1615809599999,1816.1164154610412,2021-03-15 11:59:59
1770.0,1793.48,1615852799999,1804.7982077305205,2021-03-15 23:59:59
1793.99,1792.55,1615895999999,1798.6741038652603,2021-03-16 11:59:59
1792.63,1805.12,1615939199999,1801.8970519326301,2021-03-16 23:59:59
1805.01,1759.71,1615982399999,1780.8035259663152,2021-03-17 11:59:59
1759.71,1823.58,1616025599999,1802.1917629831576,2021-03-17 23:59:59
1823.58,1799.7,1616068799999,1800.9458814915788,2021-03-18 11:59:59
1799.64,1776.08,1616111999999,1788.5129407457894,2021-03-18 23:59:59
1775.92,1819.02,1616155199999,1803.7664703728947,2021-03-19 11:59:59
1819.13,1809.1,1616198399999,1806.4332351864473,2021-03-19 23:59:59
1809.01,1841.79,1616241599999,1824.1116175932236,2021-03-20 11:59:59
1841.86,1806.1,1616284799999,1815.1058087966117,2021-03-20 23:59:59
1806.57,1772.52,1616327999999,1793.8129043983058,2021-03-21 11:59:59
1772.57,1782.98,1616371199999,1788.396452199153,2021-03-21 23:59:59
1783.23,1795.49,1616414399999,1791.9432260995763,2021-03-22 11:59:59
1795.54,1680.97,1616457599999,1736.4566130497883,2021-03-22 23:59:59
1681.17,1687.35,1616500799999,1711.903306524894,2021-03-23 11:59:59
1687.34,1668.08,1616543999999,1689.991653262447,2021-03-23 23:59:59
1668.2,1714.86,1616587199999,1702.4258266312236,2021-03-24 11:59:59
1714.83,1581.84,1616630399999,1642.1329133156119,2021-03-24 23:59:59
1581.88,1592.46,1616673599999,1617.296456657806,2021-03-25 11:59:59
1592.45,1585.74,1616716799999,1601.518228328903,2021-03-25 23:59:59
1585.83,1617.82,1616759999999,1609.6691141644515,2021-03-26 11:59:59
1617.81,1698.84,1616803199999,1654.2545570822258,2021-03-26 23:59:59
1698.84,1681.12,1616846399999,1667.6872785411128,2021-03-27 11:59:59
1681.15,1712.63,1616889599999,1690.1586392705565,2021-03-27 23:59:59
1712.52,1703.23,1616932799999,1696.6943196352781,2021-03-28 11:59:59
1703.36,1687.01,1616975999999,1691.852159817639,2021-03-28 23:59:59
1687.16,1764.29,1617019199999,1728.0710799088195,2021-03-29 11:59:59
1764.3,1816.74,1617062399999,1772.4055399544097,2021-03-29 23:59:59
1816.76,1848.79,1617105599999,1810.5977699772047,2021-03-30 11:59:59
1848.86,1840.46,1617148799999,1825.5288849886024,2021-03-30 23:59:59
1840.41,1808.83,1617191999999,1817.1794424943012,2021-03-31 11:59:59
1808.74,1919.37,1617235199999,1868.2747212471504,2021-03-31 23:59:59
1919.37,1920.07,1617278399999,1894.172360623575,2021-04-01 11:59:59
1920.08,1968.05,1617321599999,1931.1111803117874,2021-04-01 23:59:59
1968.05,2005.61,1617364799999,1968.3605901558935,2021-04-02 11:59:59
2005.52,2133.69,1617407999999,2051.025295077947,2021-04-02 23:59:59
2133.69,2096.44,1617451199999,2073.7326475389737,2021-04-03 11:59:59
2096.44,2008.52,1617494399999,2041.1263237694868,2021-04-03 23:59:59
2008.59,2043.13,1617537599999,2042.1281618847433,2021-04-04 11:59:59
2043.19,2075.69,1617580799999,2058.9090809423715,2021-04-04 23:59:59
2075.7,2057.03,1617623999999,2057.9695404711856,2021-04-05 11:59:59
2057.04,2107.38,1617667199999,2082.674770235593,2021-04-05 23:59:59
2107.43,2113.6,1617710399999,2098.1373851177964,2021-04-06 11:59:59
2113.6,2112.21,1617753599999,2105.1736925588984,2021-04-06 23:59:59
2112.22,1977.89,1617796799999,2041.5318462794494,2021-04-07 11:59:59
1977.88,1963.47,1617839999999,2002.5009231397248,2021-04-07 23:59:59
1963.46,1996.92,1617883199999,1999.7104615698624,2021-04-08 11:59:59
1996.9,2080.46,1617926399999,2040.0852307849314,2021-04-08 23:59:59
2080.39,2083.81,1617969599999,2061.9476153924657,2021-04-09 11:59:59
2083.81,2066.87,1618012799999,2064.4088076962325,2021-04-09 23:59:59
2067.19,2160.62,1618055999999,2112.514403848116,2021-04-10 11:59:59
2160.63,2133.49,1618099199999,2123.0022019240578,2021-04-10 23:59:59
2133.49,2147.14,1618142399999,2135.071100962029,2021-04-11 11:59:59
2147.35,2151.36,1618185599999,2143.2155504810144,2021-04-11 23:59:59
2151.42,2149.7,1618228799999,2146.457775240507,2021-04-12 11:59:59
2149.69,2137.69,1618271999999,2142.0738876202536,2021-04-12 23:59:59
2137.86,2229.17,1618315199999,2185.621943810127,2021-04-13 11:59:59
2229.16,2299.19,1618358399999,2242.405971905064,2021-04-13 23:59:59
2299.19,2390.0,1618401599999,2316.202985952532,2021-04-14 11:59:59
2390.0,2432.6,1618444799999,2374.401492976266,2021-04-14 23:59:59
2432.59,2428.92,1618487999999,2401.660746488133,2021-04-15 11:59:59
2428.79,2514.04,1618531199999,2457.8503732440668,2021-04-15 23:59:59
2514.04,2382.67,1618574399999,2420.2601866220334,2021-04-16 11:59:59
2382.69,2422.67,1618617599999,2421.465093311017,2021-04-16 23:59:59
2422.38,2408.99,1618660799999,2415.2275466555084,2021-04-17 11:59:59
2408.99,2317.6,1618703999999,2366.413773327754,2021-04-17 23:59:59
2317.65,2052.19,1618747199999,2209.3018866638768,2021-04-18 11:59:59
2052.19,2235.64,1618790399999,2222.4709433319385,2021-04-18 23:59:59
2235.65,2246.63,1618833599999,2234.5504716659693,2021-04-19 11:59:59
2246.63,2161.12,1618876799999,2197.835235832985,2021-04-19 23:59:59
2161.12,2194.8,1618919999999,2196.3176179164925,2021-04-20 11:59:59
2194.8,2330.03,1618963199999,2263.1738089582464,2021-04-20 23:59:59
2330.26,2264.98,1619006399999,2264.076904479123,2021-04-21 11:59:59
2264.98,2357.06,1619049599999,2310.5684522395613,2021-04-21 23:59:59
2357.06,2544.7,1619092799999,2427.6342261197806,2021-04-22 11:59:59
2544.37,2397.94,1619135999999,2412.7871130598905,2021-04-22 23:59:59
2397.94,2295.03,1619179199999,2353.9085565299456,2021-04-23 11:59:59
2295.04,2367.39,1619222399999,2360.649278264973,2021-04-23 23:59:59
2367.39,2179.43,1619265599999,2270.0396391324866,2021-04-24 11:59:59
2179.26,2213.35,1619308799999,2241.6948195662435,2021-04-24 23:59:59
2214.08,2288.0,1619351999999,2264.8474097831217,2021-04-25 11:59:59
2288.0,2320.49,1619395199999,2292.668704891561,2021-04-25 23:59:59
2320.44,2517.3,1619438399999,2404.9843524457806,2021-04-26 11:59:59
2517.38,2532.6,1619481599999,2468.7921762228902,2021-04-26 23:59:59
2532.06,2572.7,1619524799999,2520.746088111445,2021-04-27 11:59:59
2572.69,2666.13,1619567999999,2593.4380440557225,2021-04-27 23:59:59
2666.13,2692.04,1619611199999,2642.739022027861,2021-04-28 11:59:59
2692.05,2748.24,1619654399999,2695.4895110139305,2021-04-28 23:59:59
2748.23,2762.22,1619697599999,2728.8547555069654,2021-04-29 11:59:59
2762.22,2757.04,1619740799999,2742.9473777534827,2021-04-29 23:59:59
2757.04,2739.02,1619783999999,2740.9836888767413,2021-04-30 11:59:59
2739.05,2772.42,1619827199999,2756.7018444383707,2021-04-30 23:59:59
2772.42,2857.6,1619870399999,2807.1509222191853,2021-05-01 11:59:59
2857.75,2944.77,1619913599999,2875.960461109593,2021-05-01 23:59:59
2944.83,2936.25,1619956799999,2906.1052305547964,2021-05-02 11:59:59
2936.03,2949.56,1619999999999,2927.832615277398,2021-05-02 23:59:59
2949.33,3151.95,1620043199999,3039.891307638699,2021-05-03 11:59:59
3151.95,3431.04,1620086399999,3235.4656538193494,2021-05-03 23:59:59
3431.04,3480.01,1620129599999,3357.737826909675,2021-05-04 11:59:59
3480.01,3239.01,1620172799999,3298.3739134548377,2021-05-04 23:59:59
3239.01,3352.65,1620215999999,3325.5119567274187,2021-05-05 11:59:59
3352.64,3524.26,1620259199999,3424.8859783637095,2021-05-05 23:59:59
3524.33,3523.15,1620302399999,3474.017989181855,2021-05-06 11:59:59
3523.28,3489.73,1620345599999,3481.8739945909274,2021-05-06 23:59:59
3489.74,3443.48,1620388799999,3462.6769972954635,2021-05-07 11:59:59
3442.93,3479.53,1620431999999,3471.1034986477316,2021-05-07 23:59:59
3479.79,3540.24,1620475199999,3505.6717493238657,2021-05-08 11:59:59
3540.54,3910.26,1620518399999,3707.965874661933,2021-05-08 23:59:59
3910.26,3851.98,1620561599999,3779.9729373309665,2021-05-09 11:59:59
3851.98,3923.95,1620604799999,3851.961468665483,2021-05-09 23:59:59
3923.95,4066.18,1620647999999,3959.0707343327413,2021-05-10 11:59:59
4066.18,3945.88,1620691199999,3952.4753671663707,2021-05-10 23:59:59
3946.63,3971.98,1620734399999,3962.2276835831854,2021-05-11 11:59:59
3972.16,4173.45,1620777599999,4067.8388417915926,2021-05-11 23:59:59
4173.46,4273.91,1620820799999,4170.874420895796,2021-05-12 11:59:59
4273.91,3823.21,1620863999999,3997.042210447898,2021-05-12 23:59:59
3810.15,3744.47,1620907199999,3870.756105223949,2021-05-13 11:59:59
3744.46,3717.91,1620950399999,3794.3330526119744,2021-05-13 23:59:59
3717.92,3999.82,1620993599999,3897.0765263059875,2021-05-14 11:59:59
3999.8,4075.01,1621036799999,3986.043263152994,2021-05-14 23:59:59
4075.02,3902.03,1621079999999,3944.036631576497,2021-05-15 11:59:59
3902.03,3646.68,1621123199999,3795.3583157882485,2021-05-15 23:59:59
3646.24,3789.69,1621166399999,3792.524157894124,2021-05-16 11:59:59
3789.98,3582.1,1621209599999,3687.312078947062,2021-05-16 23:59:59
3581.81,3516.52,1621252799999,3601.916039473531,2021-05-17 11:59:59
3516.71,3282.51,1621295999999,3442.2130197367655,2021-05-17 23:59:59
3282.25,3533.89,1621339199999,3488.0515098683827,2021-05-18 11:59:59
3533.46,3375.07,1621382399999,3431.560754934191,2021-05-18 23:59:59
3375.08,2721.08,1621425599999,3076.3203774670956,2021-05-19 11:59:59
2721.08,2438.92,1621468799999,2757.620188733548,2021-05-19 23:59:59
2438.92,2754.41,1621511999999,2756.015094366774,2021-05-20 11:59:59
2754.4,2768.62,1621555199999,2762.317547183387,2021-05-20 23:59:59
2767.87,2712.37,1621598399999,2737.343773591693,2021-05-21 11:59:59
2712.37,2430.98,1621641599999,2584.161886795847,2021-05-21 23:59:59
2430.98,2415.54,1621684799999,2499.8509433979234,2021-05-22 11:59:59
2415.29,2294.87,1621727999999,2397.3604716989616,2021-05-22 23:59:59
2295.45,2115.49,1621771199999,2256.4252358494805,2021-05-23 11:59:59
2115.5,2096.39,1621814399999,2176.4076179247404,2021-05-23 23:59:59
2096.63,2367.74,1621857599999,2272.07380896237,2021-05-24 11:59:59
2367.66,2648.43,1621900799999,2460.251904481185,2021-05-24 23:59:59
2647.92,2392.72,1621943999999,2426.4859522405923,2021-05-25 11:59:59
2393.15,2705.11,1621987199999,2565.797976120296,2021-05-25 23:59:59
2705.1,2832.87,1622030399999,2699.333988060148,2021-05-26 11:59:59
2832.62,2884.94,1622073599999,2792.1369940300738,2021-05-26 23:59:59
2884.82,2826.88,1622116799999,2809.508497015037,2021-05-27 11:59:59
2826.87,2742.23,1622159999999,2775.8692485075185,2021-05-27 23:59:59
2742.23,2435.66,1622203199999,2605.7646242537594,2021-05-28 11:59:59
2435.65,2412.1,1622246399999,2508.93231212688,2021-05-28 23:59:59
2412.34,2450.75,1622289599999,2479.84115606344,2021-05-29 11:59:59
2450.75,2278.74,1622332799999,2379.2905780317196,2021-05-29 23:59:59
2278.74,2461.56,1622375999999,2420.4252890158596,2021-05-30 11:59:59
2461.92,2385.98,1622419199999,2403.20264450793,2021-05-30 23:59:59
2385.82,2551.46,1622462399999,2477.331322253965,2021-05-31 11:59:59
2551.81,2706.15,1622505599999,2591.7406611269826,2021-05-31 23:59:59
2706.15,2624.09,1622548799999,2607.9153305634914,2021-06-01 11:59:59
2624.23,2634.57,1622591999999,2621.2426652817458,2021-06-01 23:59:59
2634.31,2694.35,1622635199999,2657.7963326408726,2021-06-02 11:59:59
2694.39,2706.22,1622678399999,2682.0081663204364,2021-06-02 23:59:59
2706.21,2806.63,1622721599999,2744.3190831602183,2021-06-03 11:59:59
2806.63,2857.25,1622764799999,2800.7845415801094,2021-06-03 23:59:59
2857.25,2624.53,1622807999999,2712.657270790055,2021-06-04 11:59:59
2624.53,2689.51,1622851199999,2701.0836353950276,2021-06-04 23:59:59
2689.54,2639.9,1622894399999,2670.491817697514,2021-06-05 11:59:59
2639.9,2627.73,1622937599999,2649.110908848757,2021-06-05 23:59:59
2627.63,2690.75,1622980799999,2669.9304544243787,2021-06-06 11:59:59
2690.75,2711.92,1623023999999,2690.9252272121894,2021-06-06 23:59:59
2711.92,2812.65,1623067199999,2751.787613606095,2021-06-07 11:59:59
2812.82,2592.05,1623110399999,2671.9188068030476,2021-06-07 23:59:59
2592.05,2533.03,1623153599999,2602.474403401524,2021-06-08 11:59:59
2532.33,2507.23,1623196799999,2554.8522017007617,2021-06-08 23:59:59
2507.43,2535.48,1623239999999,2545.1661008503806,2021-06-09 11:59:59
2535.6,2610.18,1623283199999,2577.67305042519,2021-06-09 23:59:59
2610.2,2566.31,1623326399999,2571.9915252125948,2021-06-10 11:59:59
2566.3,2471.09,1623369599999,2521.5407626062974,2021-06-10 23:59:59
2471.01,2470.73,1623412799999,2496.1353813031487,2021-06-11 11:59:59
2470.73,2354.01,1623455999999,2425.0726906515747,2021-06-11 23:59:59
2354.09,2388.7,1623499199999,2406.8863453257873,2021-06-12 11:59:59
2388.71,2370.74,1623542399999,2388.8131726628935,2021-06-12 23:59:59
2370.64,2363.04,1623585599999,2375.9265863314467,2021-06-13 11:59:59
2363.04,2509.33,1623628799999,2442.6282931657233,2021-06-13 23:59:59
2509.33,2479.54,1623671999999,2461.0841465828616,2021-06-14 11:59:59
2479.54,2580.77,1623715199999,2520.927073291431,2021-06-14 23:59:59
2580.58,2577.46,1623758399999,2549.1935366457155,2021-06-15 11:59:59
2577.45,2543.54,1623801599999,2546.3667683228578,2021-06-15 23:59:59
2543.55,2460.06,1623844799999,2503.2133841614286,2021-06-16 11:59:59
2460.0,2367.89,1623887999999,2435.551692080714,2021-06-16 23:59:59
2368.02,2424.5,1623931199999,2430.025846040357,2021-06-17 11:59:59
2424.51,2373.28,1623974399999,2401.6529230201786,2021-06-17 23:59:59
2373.28,2319.89,1624017599999,2360.7714615100895,2021-06-18 11:59:59
2319.91,2234.09,1624060799999,2297.430730755045,2021-06-18 23:59:59
2234.09,2241.13,1624103999999,2269.2803653775227,2021-06-19 11:59:59
2241.05,2164.67,1624147199999,2216.9751826887614,2021-06-19 23:59:59
2165.34,2074.28,1624190399999,2145.6275913443806,2021-06-20 11:59:59
2074.28,2243.47,1624233599999,2194.54879567219,2021-06-20 23:59:59
2243.49,1969.15,1624276799999,2081.849397836095,2021-06-21 11:59:59
1969.5,1885.49,1624319999999,1983.6696989180473,2021-06-21 23:59:59
1885.27,1866.94,1624363199999,1925.3048494590237,2021-06-22 11:59:59
1866.94,1879.28,1624406399999,1902.2924247295118,2021-06-22 23:59:59
1879.29,1991.54,1624449599999,1946.916212364756,2021-06-23 11:59:59
1991.43,1968.14,1624492799999,1957.528106182378,2021-06-23 23:59:59
1967.95,1965.25,1624535999999,1961.389053091189,2021-06-24 11:59:59
1965.25,1989.52,1624579199999,1975.4545265455945,2021-06-24 23:59:59
1989.53,1852.99,1624622399999,1914.2222632727971,2021-06-25 11:59:59
1852.99,1808.82,1624665599999,1861.5211316363984,2021-06-25 23:59:59
1808.97,1802.17,1624708799999,1831.8455658181992,2021-06-26 11:59:59
1801.96,1829.64,1624751999999,1830.7427829090998,2021-06-26 23:59:59
1829.84,1839.6,1624795199999,1835.1713914545498,2021-06-27 11:59:59
1839.6,1982.28,1624838399999,1908.7256957272748,2021-06-27 23:59:59
1982.27,1999.84,1624881599999,1954.2828478636375,2021-06-28 11:59:59
1999.84,2084.41,1624924799999,2019.3464239318187,2021-06-28 23:59:59
2084.42,2176.43,1624967999999,2097.8882119659092,2021-06-29 11:59:59
2176.42,2165.33,1625011199999,2131.6091059829546,2021-06-29 23:59:59
2165.46,2156.24,1625054399999,2143.924552991477,2021-06-30 11:59:59
2156.33,2275.68,1625097599999,2209.8022764957386,2021-06-30 23:59:59
2275.68,2139.14,1625140799999,2174.471138247869,2021-07-01 11:59:59
2139.14,2106.41,1625183999999,2140.4405691239344,2021-07-01 23:59:59
2106.41,2038.99,1625227199999,2089.715284561967,2021-07-02 11:59:59
2038.99,2154.13,1625270399999,2121.9226422809834,2021-07-02 23:59:59
2153.95,2213.56,1625313599999,2167.741321140492,2021-07-03 11:59:59
2213.55,2226.99,1625356799999,2197.365660570246,2021-07-03 23:59:59
2226.99,2330.97,1625399999999,2264.167830285123,2021-07-04 11:59:59
2330.98,2322.69,1625443199999,2293.4289151425614,2021-07-04 23:59:59
2322.69,2194.91,1625486399999,2244.169457571281,2021-07-05 11:59:59
2194.91,2196.53,1625529599999,2220.3497287856408,2021-07-05 23:59:59
2196.85,2293.91,1625572799999,2257.1298643928203,2021-07-06 11:59:59
2293.49,2322.5,1625615999999,2289.81493219641,2021-07-06 23:59:59
2322.51,2384.33,1625659199999,2337.072466098205,2021-07-07 11:59:59
2384.36,2316.57,1625702399999,2326.8212330491024,2021-07-07 23:59:59
2316.25,2168.59,1625745599999,2247.7056165245513,2021-07-08 11:59:59
2168.59,2116.33,1625788799999,2182.0178082622756,2021-07-08 23:59:59
2116.32,2081.03,1625831999999,2131.523904131138,2021-07-09 11:59:59
2080.97,2146.99,1625875199999,2139.256952065569,2021-07-09 23:59:59
2146.99,2109.94,1625918399999,2124.5984760327847,2021-07-10 11:59:59
2109.77,2110.69,1625961599999,2117.6442380163926,2021-07-10 23:59:59
2110.68,2129.0,1626004799999,2123.3221190081963,2021-07-11 11:59:59
2128.99,2140.45,1626047999999,2131.886059504098,2021-07-11 23:59:59
2140.54,2100.98,1626091199999,2116.433029752049,2021-07-12 11:59:59
2100.72,2031.58,1626134399999,2074.0065148760245,2021-07-12 23:59:59
2031.57,1997.43,1626177599999,2035.7182574380122,2021-07-13 11:59:59
1997.43,1940.15,1626220799999,1987.9341287190061,2021-07-13 23:59:59
1940.44,1949.0,1626263999999,1968.4670643595032,2021-07-14 11:59:59
1949.04,1994.58,1626307199999,1981.5235321797516,2021-07-14 23:59:59
1994.41,1912.97,1626350399999,1947.2467660898758,2021-07-15 11:59:59
1912.96,1919.51,1626393599999,1933.378383044938,2021-07-15 23:59:59
1919.54,1852.27,1626436799999,1892.824191522469,2021-07-16 11:59:59
1852.26,1876.26,1626479999999,1884.5420957612346,2021-07-16 23:59:59
1876.47,1864.47,1626523199999,1874.5060478806172,2021-07-17 11:59:59
1864.47,1899.59,1626566399999,1887.0480239403087,2021-07-17 23:59:59
1899.5,1965.59,1626609599999,1926.3190119701544,2021-07-18 11:59:59
1965.59,1891.64,1626652799999,1908.9795059850771,2021-07-18 23:59:59
1891.65,1862.2,1626695999999,1885.5897529925387,2021-07-19 11:59:59
1862.2,1818.73,1626739199999,1852.1598764962694,2021-07-19 23:59:59
1818.73,1755.99,1626782399999,1804.0749382481347,2021-07-20 11:59:59
1756.0,1786.03,1626825599999,1795.0524691240673,2021-07-20 23:59:59
1786.03,1906.84,1626868799999,1850.9462345620336,2021-07-21 11:59:59
1906.97,1995.5,1626911999999,1923.2231172810168,2021-07-21 23:59:59
1995.5,1983.99,1626955199999,1953.6065586405084,2021-07-22 11:59:59
1983.99,2024.56,1626998399999,1989.0832793202542,2021-07-22 23:59:59
2024.27,2054.49,1627041599999,2021.786639660127,2021-07-23 11:59:59
2054.49,2124.25,1627084799999,2073.018319830064,2021-07-23 23:59:59
2124.26,2154.86,1627127999999,2113.939159915032,2021-07-24 11:59:59
2154.85,2184.75,1627171199999,2149.344579957516,2021-07-24 23:59:59
2184.9,2159.98,1627214399999,2154.662289978758,2021-07-25 11:59:59
2159.98,2189.79,1627257599999,2172.226144989379,2021-07-25 23:59:59
2189.82,2341.51,1627300799999,2256.86807249469,2021-07-26 11:59:59
2341.37,2228.08,1627343999999,2242.474036247345,2021-07-26 23:59:59
2227.81,2278.35,1627387199999,2260.412018123672,2021-07-27 11:59:59
2278.35,2299.49,1627430399999,2279.951009061836,2021-07-27 23:59:59
2299.47,2330.42,1627473599999,2305.185504530918,2021-07-28 11:59:59
2330.43,2300.9,1627516799999,2303.042752265459,2021-07-28 23:59:59
2300.9,2293.9,1627559999999,2298.4713761327293,2021-07-29 11:59:59
2293.9,2382.92,1627603199999,2340.6956880663647,2021-07-29 23:59:59
2382.93,2334.84,1627646399999,2337.7678440331824,2021-07-30 11:59:59
2335.15,2461.81,1627689599999,2399.788922016591,2021-07-30 23:59:59
2461.77,2458.58,1627732799999,2429.1844610082953,2021-07-31 11:59:59
2458.29,2531.05,1627775999999,2480.1172305041478,2021-07-31 23:59:59
2531.1,2587.01,1627819199999,2533.5636152520738,2021-08-01 11:59:59
2587.0,2555.69,1627862399999,2544.6268076260367,2021-08-01 23:59:59
2555.5,2590.6,1627905599999,2567.6134038130185,2021-08-02 11:59:59
2590.6,2606.93,1627948799999,2587.2717019065094,2021-08-02 23:59:59
2606.92,2489.13,1627991999999,2538.2008509532548,2021-08-03 11:59:59
2489.13,2509.04,1628035199999,2523.620425476627,2021-08-03 23:59:59
2508.51,2505.8,1628078399999,2514.7102127383137,2021-08-04 11:59:59
2505.81,2724.78,1628121599999,2619.745106369157,2021-08-04 23:59:59
2724.55,2622.22,1628164799999,2620.982553184578,2021-08-05 11:59:59
2622.26,2826.99,1628207999999,2723.986276592289,2021-08-05 23:59:59
2827.01,2736.26,1628251199999,2730.1231382961446,2021-08-06 11:59:59
2736.27,2891.58,1628294399999,2810.8515691480725,2021-08-06 23:59:59
2891.54,3105.5,1628337599999,2958.1757845740362,2021-08-07 11:59:59
3105.44,3160.31,1628380799999,3059.242892287018,2021-08-07 23:59:59
3160.48,3101.3,1628423999999,3080.271446143509,2021-08-08 11:59:59
3101.31,3011.85,1628467199999,3046.060723071754,2021-08-08 23:59:59
3011.84,3133.42,1628510399999,3089.740361535877,2021-08-09 11:59:59
3133.41,3160.52,1628553599999,3125.1301807679383,2021-08-09 23:59:59
3160.51,3122.97,1628596799999,3124.0500903839693,2021-08-10 11:59:59
3122.97,3141.66,1628639999999,3132.8550451919846,2021-08-10 23:59:59
3141.14,3214.39,1628683199999,3173.6225225959925,2021-08-11 11:59:59
3214.39,3160.5,1628726399999,3167.061261297996,2021-08-11 23:59:59
3160.4,3094.34,1628769599999,3130.7006306489984,2021-08-12 11:59:59
3094.31,3045.96,1628812799999,3088.330315324499,2021-08-12 23:59:59
3046.11,3213.68,1628855999999,3151.0051576622495,2021-08-13 11:59:59
3213.68,3322.32,1628899199999,3236.662578831125,2021-08-13 23:59:59
3322.33,3244.76,1628942399999,3240.7112894155625,2021-08-14 11:59:59
3244.84,3263.16,1628985599999,3251.935644707781,2021-08-14 23:59:59
3263.16,3160.55,1629028799999,3206.242822353891,2021-08-15 11:59:59
3160.54,3307.09,1629071999999,3256.6664111769455,2021-08-15 23:59:59
3307.35,3290.26,1629115199999,3273.463205588473,2021-08-16 11:59:59
3290.27,3146.53,1629158399999,3209.9966027942364,2021-08-16 23:59:59
3147.18,3257.71,1629201599999,3233.8533013971182,2021-08-17 11:59:59
3257.71,3011.72,1629244799999,3122.7866506985592,2021-08-17 23:59:59
3011.73,2999.84,1629287999999,3061.3133253492797,2021-08-18 11:59:59
2999.85,3014.55,1629331199999,3037.93166267464,2021-08-18 23:59:59
3014.18,2973.39,1629374399999,3005.66083133732,2021-08-19 11:59:59
2973.39,3184.12,1629417599999,3094.89041566866,2021-08-19 23:59:59
3184.11,3204.33,1629460799999,3149.61020783433,2021-08-20 11:59:59
3204.33,3284.82,1629503999999,3217.215103917165,2021-08-20 23:59:59
3284.81,3249.61,1629547199999,3233.4125519585823,2021-08-21 11:59:59
3249.4,3223.43,1629590399999,3228.421275979291,2021-08-21 23:59:59
3223.36,3255.71,1629633599999,3242.0656379896454,2021-08-22 11:59:59
3255.71,3238.0,1629676799999,3240.0328189948227,2021-08-22 23:59:59
3238.0,3342.98,1629719999999,3291.5064094974114,2021-08-23 11:59:59
3342.98,3321.28,1629763199999,3306.393204748706,2021-08-23 23:59:59
3321.28,3323.01,1629806399999,3314.701602374353,2021-08-24 11:59:59
3323.01,3170.62,1629849599999,3242.6608011871767,2021-08-24 23:59:59
3170.63,3139.68,1629892799999,3191.170400593588,2021-08-25 11:59:59
3139.69,3226.87,1629935999999,3209.020200296794,2021-08-25 23:59:59
3226.88,3087.54,1629979199999,3148.2801001483967,2021-08-26 11:59:59
3087.55,3093.2,1630022399999,3120.7400500741983,2021-08-26 23:59:59
3093.06,3154.73,1630065599999,3137.735025037099,2021-08-27 11:59:59
3155.46,3273.45,1630108799999,3205.5925125185495,2021-08-27 23:59:59
3273.89,3222.24,1630151999999,3213.9162562592746,2021-08-28 11:59:59
3222.24,3244.48,1630195199999,3229.1981281296376,2021-08-28 23:59:59
3244.75,3181.83,1630238399999,3205.5140640648187,2021-08-29 11:59:59
3181.83,3223.47,1630281599999,3214.492032032409,2021-08-29 23:59:59
3223.47,3187.49,1630324799999,3200.9910160162044,2021-08-30 11:59:59
3187.48,3229.64,1630367999999,3215.3155080081024,2021-08-30 23:59:59
3229.14,3429.95,1630411199999,3322.632754004051,2021-08-31 11:59:59
3429.9,3429.2,1630454399999,3375.9163770020255,2021-08-31 23:59:59
3429.19,3530.99,1630497599999,3453.453188501013,2021-09-01 11:59:59
3530.86,3826.82,1630540799999,3640.1365942505063,2021-09-01 23:59:59
3826.82,3760.62,1630583999999,3700.378297125253,2021-09-02 11:59:59
3760.62,3785.82,1630627199999,3743.0991485626264,2021-09-02 23:59:59
3785.82,3953.48,1630670399999,3848.2895742813134,2021-09-03 11:59:59
3953.5,3938.11,1630713599999,3893.1997871406566,2021-09-03 23:59:59
3938.11,3886.89,1630756799999,3890.044893570328,2021-09-04 11:59:59
3886.83,3885.52,1630799999999,3887.782446785164,2021-09-04 23:59:59
3885.61,3924.56,1630843199999,3906.171223392582,2021-09-05 11:59:59
3924.56,3950.29,1630886399999,3928.230611696291,2021-09-05 23:59:59
3950.28,3904.77,1630929599999,3916.500305848145,2021-09-06 11:59:59
3904.99,3926.77,1630972799999,3921.635152924073,2021-09-06 23:59:59
3926.67,3749.18,1631015999999,3835.4075764620366,2021-09-07 11:59:59
3749.21,3434.57,1631059199999,3634.9887882310186,2021-09-07 23:59:59
3434.84,3406.26,1631102399999,3520.6243941155094,2021-09-08 11:59:59
3406.26,3499.0,1631145599999,3509.812197057755,2021-09-08 23:59:59
3499.01,3479.99,1631188799999,3494.9010985288774,2021-09-09 11:59:59
3480.0,3424.93,1631231999999,3459.9155492644386,2021-09-09 23:59:59
3424.94,3401.42,1631275199999,3430.6677746322193,2021-09-10 11:59:59
3401.41,3208.86,1631318399999,3319.7638873161095,2021-09-10 23:59:59
3208.85,3293.12,1631361599999,3306.4419436580547,2021-09-11 11:59:59
3293.14,3267.21,1631404799999,3286.8259718290274,2021-09-11 23:59:59
3267.1,3438.06,1631447999999,3362.442985914514,2021-09-12 11:59:59
3438.05,3404.21,1631491199999,3383.326492957257,2021-09-12 23:59:59
3404.3,3251.24,1631534399999,3317.2832464786284,2021-09-13 11:59:59
3251.24,3285.35,1631577599999,3301.316623239314,2021-09-13 23:59:59
3285.09,3330.01,1631620799999,3315.663311619657,2021-09-14 11:59:59
3329.97,3434.37,1631663999999,3375.0166558098285,2021-09-14 23:59:59
3434.37,3410.76,1631707199999,3392.888327904914,2021-09-15 11:59:59
3411.22,3613.55,1631750399999,3503.219163952457,2021-09-15 23:59:59
3613.55,3619.29,1631793599999,3561.2545819762286,2021-09-16 11:59:59
3619.29,3567.98,1631836799999,3564.6172909881143,2021-09-16 23:59:59
3567.97,3449.03,1631879999999,3506.823645494057,2021-09-17 11:59:59
3449.03,3399.81,1631923199999,3453.3168227470287,2021-09-17 23:59:59
3399.89,3496.5,1631966399999,3474.9084113735144,2021-09-18 11:59:59
3496.51,3435.64,1632009599999,3455.2742056867573,2021-09-18 23:59:59
3435.64,3326.19,1632052799999,3390.732102843379,2021-09-19 11:59:59
3326.19,3328.62,1632095999999,3359.6760514216894,2021-09-19 23:59:59
3328.57,3042.45,1632139199999,3201.0630257108446,2021-09-20 11:59:59
3042.2,2977.28,1632182399999,3089.1715128554224,2021-09-20 23:59:59
2977.32,3062.72,1632225599999,3075.945756427711,2021-09-21 11:59:59
3062.4,2765.9,1632268799999,2920.9228782138553,2021-09-21 23:59:59
2766.72,2894.48,1632311999999,2907.701439106928,2021-09-22 11:59:59
2894.86,3076.92,1632355199999,2992.310719553464,2021-09-22 23:59:59
3076.92,3060.24,1632398399999,3026.275359776732,2021-09-23 11:59:59
3060.31,3152.5,1632441599999,3089.3876798883657,2021-09-23 23:59:59
3152.41,2827.91,1632484799999,2958.648839944183,2021-09-24 11:59:59
2827.97,2928.53,1632527999999,2943.5894199720915,2021-09-24 23:59:59
2928.22,2913.12,1632571199999,2928.3547099860457,2021-09-25 11:59:59
2913.11,2921.73,1632614399999,2925.042354993023,2021-09-25 23:59:59
2921.84,2974.28,1632657599999,2949.6611774965113,2021-09-26 11:59:59
2974.62,3059.37,1632700799999,3004.5155887482556,2021-09-26 23:59:59
3059.36,3092.79,1632743999999,3048.6527943741276,2021-09-27 11:59:59
3092.94,2925.59,1632787199999,2987.121397187064,2021-09-27 23:59:59
2924.76,2926.8,1632830399999,2956.960698593532,2021-09-28 11:59:59
2926.81,2804.91,1632873599999,2880.9353492967657,2021-09-28 23:59:59
2805.15,2933.75,1632916799999,2907.342674648383,2021-09-29 11:59:59
2933.75,2850.45,1632959999999,2878.8963373241913,2021-09-29 23:59:59
2850.45,2963.35,1633003199999,2921.123168662096,2021-09-30 11:59:59
2963.36,3000.61,1633046399999,2960.866584331048,2021-09-30 23:59:59
3000.62,3235.49,1633089599999,3098.178292165524,2021-10-01 11:59:59
3235.48,3309.91,1633132799999,3204.044146082762,2021-10-01 23:59:59
3309.91,3296.54,1633175999999,3250.2920730413807,2021-10-02 11:59:59
3296.54,3387.76,1633219199999,3319.0260365206905,2021-10-02 23:59:59
3387.77,3413.9,1633262399999,3366.463018260345,2021-10-03 11:59:59
3413.9,3417.73,1633305599999,3392.0965091301723,2021-10-03 23:59:59
3417.73,3313.39,1633348799999,3352.7432545650863,2021-10-04 11:59:59
3313.39,3386.31,1633391999999,3369.526627282543,2021-10-04 23:59:59
3386.31,3445.02,1633435199999,3407.2733136412717,2021-10-05 11:59:59
3445.02,3515.27,1633478399999,3461.271656820636,2021-10-05 23:59:59
3515.48,3381.22,1633521599999,3421.2458284103177,2021-10-06 11:59:59
3381.22,3574.89,1633564799999,3498.0679142051586,2021-10-06 23:59:59
3574.88,3575.86,1633607999999,3536.963957102579,2021-10-07 11:59:59
3575.85,3587.47,1633651199999,3562.2169785512897,2021-10-07 23:59:59
3587.47,3610.82,1633694399999,3586.518489275645,2021-10-08 11:59:59
3610.82,3563.13,1633737599999,3574.8242446378226,2021-10-08 23:59:59
3563.13,3596.98,1633780799999,3585.902122318911,2021-10-09 11:59:59
3596.92,3574.82,1633823999999,3580.361061159456,2021-10-09 23:59:59
3574.83,3563.3,1633867199999,3571.830530579728,2021-10-10 11:59:59
3563.3,3414.22,1633910399999,3493.025265289864,2021-10-10 23:59:59
3414.22,3558.71,1633953599999,3525.867632644932,2021-10-11 11:59:59
3558.72,3542.12,1633996799999,3533.993816322466,2021-10-11 23:59:59
3542.12,3456.95,1634039999999,3495.471908161233,2021-10-12 11:59:59
3456.94,3491.46,1634083199999,3493.4659540806165,2021-10-12 23:59:59
3491.43,3468.68,1634126399999,3481.072977040308,2021-10-13 11:59:59
3468.67,3607.42,1634169599999,3544.2464885201543,2021-10-13 23:59:59
3607.41,3735.75,1634212799999,3639.998244260077,2021-10-14 11:59:59
3735.74,3790.82,1634255999999,3715.4091221300387,2021-10-14 23:59:59
3790.82,3778.64,1634299199999,3747.024561065019,2021-10-15 11:59:59
3778.65,3868.99,1634342399999,3808.0072805325094,2021-10-15 23:59:59
3868.38,3956.75,1634385599999,3882.3786402662545,2021-10-16 11:59:59
3956.75,3829.96,1634428799999,3856.1693201331273,2021-10-16 23:59:59
3829.96,3858.79,1634471999999,3857.4796600665636,2021-10-17 11:59:59
3858.8,3846.85,1634515199999,3852.1648300332818,2021-10-17 23:59:59
3847.0,3745.45,1634558399999,3798.807415016641,2021-10-18 11:59:59
3745.7,3744.96,1634601599999,3771.88370750832,2021-10-18 23:59:59
3744.96,3798.13,1634644799999,3785.00685375416,2021-10-19 11:59:59
3798.14,3877.03,1634687999999,3831.01842687708,2021-10-19 23:59:59
3876.98,3861.01,1634731199999,3846.01421343854,2021-10-20 11:59:59
3861.01,4161.15,1634774399999,4003.58210671927,2021-10-20 23:59:59
4161.37,4211.88,1634817599999,4107.731053359636,2021-10-21 11:59:59
4211.88,4052.99,1634860799999,4080.3605266798177,2021-10-21 23:59:59
4053.0,4125.3,1634903999999,4102.830263339909,2021-10-22 11:59:59
4125.29,3972.2,1634947199999,4037.5151316699544,2021-10-22 23:59:59
3972.19,4039.2,1634990399999,4038.3575658349773,2021-10-23 11:59:59
4039.24,4167.12,1635033599999,4102.738782917489,2021-10-23 23:59:59
4167.13,4026.2,1635076799999,4064.469391458744,2021-10-24 11:59:59
4026.21,4082.33,1635119999999,4073.399695729372,2021-10-24 23:59:59
4082.33,4126.4,1635163199999,4099.899847864686,2021-10-25 11:59:59
4126.4,4220.37,1635206399999,4160.134923932343,2021-10-25 23:59:59
4220.36,4213.92,1635249599999,4187.027461966171,2021-10-26 11:59:59
4213.93,4131.52,1635292799999,4159.273730983086,2021-10-26 23:59:59
4131.52,3992.09,1635335999999,4075.6818654915432,2021-10-27 11:59:59
3992.09,3922.0,1635379199999,3998.8409327457716,2021-10-27 23:59:59
3921.99,4151.95,1635422399999,4075.3954663728855,2021-10-28 11:59:59
4151.95,4286.02,1635465599999,4180.707733186443,2021-10-28 23:59:59
4286.01,4320.53,1635508799999,4250.618866593221,2021-10-29 11:59:59
4320.53,4418.89,1635551999999,4334.754433296611,2021-10-29 23:59:59
4418.89,4333.35,1635595199999,4334.052216648306,2021-10-30 11:59:59
4333.35,4322.68,1635638399999,4328.366108324153,2021-10-30 23:59:59
4322.68,4207.48,1635681599999,4267.923054162076,2021-10-31 11:59:59
4207.71,4287.21,1635724799999,4277.566527081039,2021-10-31 23:59:59
4287.48,4315.0,1635767999999,4296.283263540519,2021-11-01 11:59:59
4315.0,4319.43,1635811199999,4307.85663177026,2021-11-01 23:59:59
4319.43,4413.09,1635854399999,4360.47331588513,2021-11-02 11:59:59
4412.86,4589.89,1635897599999,4475.181657942565,2021-11-02 23:59:59
4589.68,4577.27,1635940799999,4526.225828971283,2021-11-03 11:59:59
4577.22,4603.35,1635983999999,4564.7879144856415,2021-11-03 23:59:59
4603.35,4509.29,1636027199999,4537.038957242821,2021-11-04 11:59:59
4509.29,4532.32,1636070399999,4534.67947862141,2021-11-04 23:59:59
4532.31,4473.58,1636113599999,4504.129739310705,2021-11-05 11:59:59
4473.58,4474.24,1636156799999,4489.1848696553525,2021-11-05 23:59:59
4474.24,4369.52,1636199999999,4429.352434827677,2021-11-06 11:59:59
4369.53,4518.0,1636243199999,4473.6762174138385,2021-11-06 23:59:59
4518.0,4592.95,1636286399999,4533.31310870692,2021-11-07 11:59:59
4592.95,4612.59,1636329599999,4572.95155435346,2021-11-07 23:59:59
4612.59,4730.02,1636372799999,4651.48577717673,2021-11-08 11:59:59
4730.03,4807.98,1636415999999,4729.732888588365,2021-11-08 23:59:59
4807.98,4774.61,1636459199999,4752.171444294183,2021-11-09 11:59:59
4774.61,4732.33,1636502399999,4742.250722147091,2021-11-09 23:59:59
4732.33,4729.67,1636545599999,4735.960361073546,2021-11-10 11:59:59
4729.67,4628.78,1636588799999,4682.370180536773,2021-11-10 23:59:59
4628.68,4721.95,1636631999999,4702.160090268386,2021-11-11 11:59:59
4721.95,4719.0,1636675199999,4710.580045134193,2021-11-11 23:59:59
4719.0,4600.85,1636718399999,4655.715022567097,2021-11-12 11:59:59
4600.85,4665.46,1636761599999,4660.587511283548,2021-11-12 23:59:59
4665.47,4609.31,1636804799999,4634.948755641774,2021-11-13 11:59:59
4609.3,4644.28,1636847999999,4639.614377820887,2021-11-13 23:59:59
4644.27,4612.45,1636891199999,4626.032188910443,2021-11-14 11:59:59
4612.44,4626.5,1636934399999,4626.266094455222,2021-11-14 23:59:59
4626.5,4723.0,1636977599999,4674.633047227611,2021-11-15 11:59:59
4723.0,4563.78,1637020799999,4619.206523613806,2021-11-15 23:59:59
4563.77,4292.43,1637063999999,4455.818261806903,2021-11-16 11:59:59
4292.44,4209.76,1637107199999,4332.789130903451,2021-11-16 23:59:59
4209.59,4252.4,1637150399999,4292.594565451725,2021-11-17 11:59:59
4252.4,4287.8,1637193599999,4290.197282725863,2021-11-17 23:59:59
4288.07,4189.65,1637236799999,4239.923641362931,2021-11-18 11:59:59
4189.65,3996.9,1637279999999,4118.4118206814655,2021-11-18 23:59:59
3996.9,4141.2,1637323199999,4129.805910340732,2021-11-19 11:59:59
4141.21,4294.76,1637366399999,4212.282955170366,2021-11-19 23:59:59
4294.75,4317.83,1637409599999,4265.0564775851835,2021-11-20 11:59:59
4317.83,4412.17,1637452799999,4338.613238792592,2021-11-20 23:59:59
4412.17,4319.53,1637495999999,4329.071619396296,2021-11-21 11:59:59
4319.52,4258.31,1637539199999,4293.690809698148,2021-11-21 23:59:59
4259.7,4171.92,1637582399999,4232.805404849074,2021-11-22 11:59:59
4171.92,4085.97,1637625599999,4159.387702424537,2021-11-22 23:59:59
4086.28,4135.28,1637668799999,4147.333851212268,2021-11-23 11:59:59
4135.27,4339.44,1637711999999,4243.386925606133,2021-11-23 23:59:59
4339.45,4292.28,1637755199999,4267.833462803066,2021-11-24 11:59:59
4292.28,4269.36,1637798399999,4268.596731401532,2021-11-24 23:59:59
4270.1,4386.96,1637841599999,4327.778365700766,2021-11-25 11:59:59
4387.37,4524.85,1637884799999,4426.314182850383,2021-11-25 23:59:59
4524.48,3985.44,1637927999999,4205.877091425192,2021-11-26 11:59:59
3984.92,4041.2,1637971199999,4123.538545712596,2021-11-26 23:59:59
4041.2,4111.82,1638014399999,4117.679272856298,2021-11-27 11:59:59
4112.1,4095.29,1638057599999,4106.484636428149,2021-11-27 23:59:59
4095.29,4096.6,1638100799999,4101.542318214075,2021-11-28 11:59:59
4096.28,4294.78,1638143999999,4198.161159107038,2021-11-28 23:59:59
4294.77,4296.64,1638187199999,4247.4005795535195,2021-11-29 11:59:59
4296.64,4444.53,1638230399999,4345.965289776759,2021-11-29 23:59:59
4444.54,4590.47,1638273599999,4468.21764488838,2021-11-30 11:59:59
4590.47,4630.26,1638316799999,4549.23882244419,2021-11-30 23:59:59
4630.25,4672.86,1638359999999,4611.049411222095,2021-12-01 11:59:59
4672.85,4582.95,1638403199999,4596.999705611048,2021-12-01 23:59:59
4582.95,4531.25,1638446399999,4564.124852805524,2021-12-02 11:59:59
4531.25,4511.21,1638489599999,4537.667426402762,2021-12-02 23:59:59
4511.35,4612.08,1638532799999,4574.873713201381,2021-12-03 11:59:59
4612.07,4215.73,1638575999999,4395.30185660069,2021-12-03 23:59:59
4215.01,3866.36,1638619199999,4130.8309283003455,2021-12-04 11:59:59
3866.35,4117.25,1638662399999,4124.040464150173,2021-12-04 23:59:59
4117.25,4194.11,1638705599999,4159.075232075086,2021-12-05 11:59:59
4194.11,4196.44,1638748799999,4177.757616037543,2021-12-05 23:59:59
4196.44,4044.41,1638791999999,4111.083808018771,2021-12-06 11:59:59
4044.42,4347.59,1638835199999,4229.336904009386,2021-12-06 23:59:59
4347.57,4408.33,1638878399999,4318.833452004693,2021-12-07 11:59:59
4408.42,4306.4,1638921599999,4312.616726002347,2021-12-07 23:59:59
4306.4,4267.27,1638964799999,4289.943363001174,2021-12-08 11:59:59
4267.27,4436.91,1639007999999,4363.426681500587,2021-12-08 23:59:59
4436.91,4304.04,1639051199999,4333.733340750294,2021-12-09 11:59:59
4304.03,4105.64,1639094399999,4219.6866703751475,2021-12-09 23:59:59
4105.64,4156.82,1639137599999,4188.253335187574,2021-12-10 11:59:59
4156.67,3897.94,1639180799999,4043.096667593787,2021-12-10 23:59:59
3898.31,4013.99,1639223999999,4028.5433337968934,2021-12-11 11:59:59
4014.0,4089.37,1639267199999,4058.9566668984467,2021-12-11 23:59:59
4089.68,4036.09,1639310399999,4047.523333449223,2021-12-12 11:59:59
4036.09,4130.0,1639353599999,4088.7616667246116,2021-12-12 23:59:59
4130.0,4011.25,1639396799999,4050.0058333623056,2021-12-13 11:59:59
4011.26,3781.93,1639439999999,3915.967916681153,2021-12-13 23:59:59
3781.92,3839.2,1639483199999,3877.5839583405764,2021-12-14 11:59:59
3839.2,3858.99,1639526399999,3868.286979170288,2021-12-14 23:59:59
3858.99,3851.12,1639569599999,3859.703489585144,2021-12-15 11:59:59
3851.12,4019.08,1639612799999,3939.391744792572,2021-12-15 23:59:59
4019.54,4069.63,1639655999999,4004.510872396286,2021-12-16 11:59:59
4069.99,3958.11,1639699199999,3981.310436198143,2021-12-16 23:59:59
3959.11,3834.36,1639742399999,3907.8352180990714,2021-12-17 11:59:59
3834.36,3875.42,1639785599999,3891.6276090495357,2021-12-17 23:59:59
3875.43,3958.13,1639828799999,3924.878804524768,2021-12-18 11:59:59
3958.6,3959.93,1639871999999,3942.404402262384,2021-12-18 23:59:59
3959.93,3925.36,1639915199999,3933.8822011311922,2021-12-19 11:59:59
3925.36,3924.14,1639958399999,3929.0111005655963,2021-12-19 23:59:59
3924.14,3813.02,1640001599999,3871.0155502827984,2021-12-20 11:59:59
3813.02,3944.73,1640044799999,3907.872775141399,2021-12-20 23:59:59
3944.72,4025.32,1640087999999,3966.5963875706993,2021-12-21 11:59:59
4025.32,4014.15,1640131199999,3990.37319378535,2021-12-21 23:59:59
4014.41,4022.51,1640174399999,4006.441596892675,2021-12-22 11:59:59
4022.51,3979.51,1640217599999,3992.9757984463376,2021-12-22 23:59:59
3979.51,3934.32,1640260799999,3963.6478992231687,2021-12-23 11:59:59
3934.31,4111.41,1640303999999,4037.5289496115843,2021-12-23 23:59:59
4111.41,4079.0,1640347199999,4058.264474805792,2021-12-24 11:59:59
4079.0,4046.36,1640390399999,4052.3122374028962,2021-12-24 23:59:59
4046.35,4051.59,1640433599999,4051.951118701448,2021-12-25 11:59:59
4051.74,4094.83,1640476799999,4073.3905593507243,2021-12-25 23:59:59
4094.36,4033.01,1640519999999,4053.2002796753623,2021-12-26 11:59:59
4033.2,4063.56,1640563199999,4058.380139837681,2021-12-26 23:59:59
4063.57,4060.22,1640606399999,4059.3000699188406,2021-12-27 11:59:59
4060.23,4037.23,1640649599999,4048.2650349594205,2021-12-27 23:59:59
4037.22,3920.9,1640692799999,3984.58251747971,2021-12-28 11:59:59
3920.89,3792.75,1640735999999,3888.666258739855,2021-12-28 23:59:59
3792.75,3790.96,1640779199999,3839.8131293699275,2021-12-29 11:59:59
3790.9,3630.19,1640822399999,3735.001564684964,2021-12-29 23:59:59
3630.18,3737.68,1640865599999,3736.340782342482,2021-12-30 11:59:59
3737.68,3709.27,1640908799999,3722.805391171241,2021-12-30 23:59:59
3709.27,3780.92,1640951999999,3751.8626955856207,2021-12-31 11:59:59
